date,ticker,open,high,low,close,adj_close,volume
2020-01-02,SPY,323.54,324.87,322.53,324.87,324.87,40313322
2020-01-03,SPY,321.14,323.64,321.1,322.41,322.41,47357749
2020-01-06,SPY,320.49,323.73,320.36,323.64,323.64,35730915
2020-01-07,SPY,323.02,323.54,322.24,322.73,322.73,27879643
2020-01-08,SPY,322.94,325.78,322.67,324.45,324.45,46177049
2020-01-09,SPY,326.15,326.73,325.52,326.65,326.65,32328140
2020-01-10,SPY,327.29,327.46,325.2,325.71,325.71,31869809
2020-01-13,SPY,326.4,327.96,325.92,327.95,327.95,27726729
2020-01-14,SPY,327.48,328.62,326.84,327.45,327.45,44427206
2020-01-15,SPY,327.34,329.02,327.26,328.19,328.19,42240645
2020-01-16,SPY,329.7,330.92,329.45,330.92,330.92,33005424
2020-01-17,SPY,331.69,332.18,331.07,331.95,331.95,39417775
2020-01-21,SPY,330.9,332.18,330.82,331.3,331.3,40871744
2020-01-22,SPY,332.24,332.95,331.17,331.34,331.34,30088738
2020-01-23,SPY,330.63,331.92,329.41,331.72,331.72,36935227
2020-01-24,SPY,332.44,332.53,327.36,328.77,328.77,61124278
2020-01-27,SPY,323.03,325.12,322.66,323.5,323.5,60026569
2020-01-28,SPY,325.06,327.85,324.55,326.89,326.89,45747425
2020-01-29,SPY,328.38,328.63,326.4,326.62,326.62,38227378
2020-01-30,SPY,324.36,327.91,323.54,327.68,327.68,57021394
2020-01-31,SPY,327.0,327.17,320.73,321.73,321.73,84610039
2020-02-03,SPY,323.35,326.16,323.22,324.12,324.12,49310099
2020-02-04,SPY,328.07,330.01,327.72,329.06,329.06,40119975
2020-02-05,SPY,332.27,333.09,330.67,332.86,332.86,43222627
2020-02-06,SPY,333.92,334.19,332.8,333.98,333.98,30023376
2020-02-07,SPY,332.82,333.62,331.6,332.2,332.2,38217589
2020-02-10,SPY,331.23,334.72,331.19,334.68,334.68,29018997
2020-02-11,SPY,336.17,337.02,334.75,335.26,335.26,38059696
2020-02-12,SPY,336.83,337.65,336.43,337.42,337.42,27440511
2020-02-13,SPY,335.86,338.12,335.56,337.06,337.06,37930532
2020-02-14,SPY,337.46,337.73,336.2,337.6,337.6,39284044
2020-02-18,SPY,336.52,337.17,335.21,336.73,336.73,39801987
2020-02-19,SPY,337.77,339.08,337.48,338.34,338.34,28349374
2020-02-20,SPY,337.75,338.64,333.68,336.95,336.95,55993979
2020-02-21,SPY,335.47,335.81,332.58,333.48,333.48,71338777
2020-02-24,SPY,323.14,325.85,321.24,322.42,322.42,111220408
2020-02-25,SPY,323.93,324.61,311.69,312.65,312.65,165737053
2020-02-26,SPY,314.2,318.11,310.7,311.5,311.5,141155917
2020-02-27,SPY,305.46,309.65,297.51,297.51,297.51,194413232
2020-02-28,SPY,288.7,296.26,285.54,296.26,296.26,242997023
2020-03-02,SPY,298.2,309.16,294.46,309.09,309.09,157646254
2020-03-03,SPY,309.5,313.84,297.57,300.24,300.24,210791680
2020-03-04,SPY,306.12,313.1,303.33,312.86,312.86,121535959
2020-03-05,SPY,304.98,308.47,300.01,302.46,302.46,122822868
2020-03-06,SPY,293.18,298.78,290.23,297.46,297.46,161883832
2020-03-09,SPY,275.29,284.19,273.45,274.23,274.23,205355002
2020-03-10,SPY,284.62,288.51,273.5,288.42,288.42,188205328
2020-03-11,SPY,280.7,281.94,270.88,274.36,274.36,169309951
2020-03-12,SPY,256.0,266.66,247.68,248.11,248.11,267108338
2020-03-13,SPY,263.09,271.05,249.58,269.32,269.32,221479446
2020-03-16,SPY,241.18,256.9,237.36,239.85,239.85,206901813
2020-03-17,SPY,245.04,256.17,237.07,252.8,252.8,178427580
2020-03-18,SPY,236.25,248.37,228.02,240.0,240.0,228537705
2020-03-19,SPY,239.25,247.38,232.22,240.51,240.51,202267320
2020-03-20,SPY,242.53,244.47,228.5,228.8,228.8,196210183
2020-03-23,SPY,228.19,229.39,218.26,222.95,222.95,199448691
2020-03-24,SPY,234.42,244.1,233.8,243.15,243.15,173152506
2020-03-25,SPY,244.87,256.35,239.75,246.79,246.79,194895619
2020-03-26,SPY,249.52,262.8,249.05,261.2,261.2,161936709
2020-03-27,SPY,253.29,260.81,251.05,253.42,253.42,140227267
2020-03-30,SPY,255.7,262.43,253.53,261.65,261.65,101523129
2020-03-31,SPY,260.58,263.33,256.22,257.75,257.75,116317815
2020-04-01,SPY,247.98,251.44,243.9,246.15,246.15,118003484
2020-04-02,SPY,245.2,252.68,244.59,251.83,251.83,125886791
2020-04-03,SPY,250.76,253.32,245.22,248.19,248.19,100944538
2020-04-06,SPY,257.84,267.0,256.72,264.86,264.86,126546760
2020-04-07,SPY,274.21,275.03,264.89,265.13,265.13,148721546
2020-04-08,SPY,267.94,275.41,265.56,274.03,274.03,110912861
2020-04-09,SPY,277.58,281.2,275.47,278.2,278.2,131647287
2020-04-13,SPY,277.15,277.51,271.41,275.66,275.66,85601044
2020-04-14,SPY,280.94,284.84,279.91,283.79,283.79,96087637
2020-04-15,SPY,277.57,279.59,275.46,277.76,277.76,84682380
2020-04-16,SPY,279.15,280.03,275.76,279.1,279.1,86482891
2020-04-17,SPY,285.37,287.3,282.4,286.64,286.64,88743000
2020-04-20,SPY,282.61,286.29,281.35,281.59,281.59,72068676
2020-04-21,SPY,276.73,278.04,272.02,273.04,273.04,95191172
2020-04-22,SPY,278.35,281.0,276.91,279.1,279.1,62558975
2020-04-23,SPY,280.49,283.94,278.75,279.08,279.08,87967491
2020-04-24,SPY,280.74,283.7,278.5,282.97,282.97,57759152
2020-04-27,SPY,285.09,288.27,284.62,287.05,287.05,55694651
2020-04-28,SPY,291.02,291.4,285.4,285.73,285.73,79573390
2020-04-29,SPY,291.54,294.88,290.41,293.21,293.21,86825226
2020-04-30,SPY,291.71,292.24,288.59,290.48,290.48,85759207
2020-05-01,SPY,285.31,286.04,281.52,282.79,282.79,87476586
2020-05-04,SPY,280.74,283.9,279.13,283.57,283.57,59982063
2020-05-05,SPY,286.64,289.25,285.75,286.19,286.19,61426947
2020-05-06,SPY,288.03,288.46,283.78,284.25,284.25,57152222
2020-05-07,SPY,287.75,289.78,287.13,287.68,287.68,56176493
2020-05-08,SPY,291.08,292.95,289.86,292.44,292.44,50390090
2020-05-11,SPY,290.34,294.0,289.88,292.5,292.5,54365587
2020-05-12,SPY,293.78,294.24,286.55,286.67,286.67,67392375
2020-05-13,SPY,286.05,287.19,278.96,281.6,281.6,107548880
2020-05-14,SPY,278.94,285.11,272.99,284.97,284.97,98548707
2020-05-15,SPY,282.37,286.33,281.34,286.28,286.28,70571644
2020-05-18,SPY,293.05,296.75,292.7,295.0,295.0,79186536
2020-05-19,SPY,294.34,296.21,291.95,291.97,291.97,66037151
2020-05-20,SPY,295.82,297.87,295.57,296.93,296.93,57309339
2020-05-21,SPY,296.78,297.67,293.68,294.88,294.88,60074617
2020-05-22,SPY,294.57,295.63,293.22,295.44,295.44,42939953
2020-05-26,SPY,301.93,302.19,298.69,299.08,299.08,59833119
2020-05-27,SPY,302.1,303.57,296.87,303.53,303.53,75908406
2020-05-28,SPY,304.65,306.84,302.24,302.97,302.97,67783623
2020-05-29,SPY,302.46,304.96,299.55,304.32,304.32,81820520
2020-06-01,SPY,303.61,306.21,303.06,305.55,305.55,38617564
2020-06-02,SPY,306.55,308.13,305.1,308.08,308.08,53756657
2020-06-03,SPY,310.23,313.22,309.94,312.18,312.18,61056803
2020-06-04,SPY,311.11,313.0,309.08,311.36,311.36,58466778
2020-06-05,SPY,317.27,321.28,317.16,319.34,319.34,93136719
2020-06-08,SPY,320.22,323.41,319.63,323.2,323.2,55210908
2020-06-09,SPY,320.29,322.37,319.36,320.79,320.79,55693823
2020-06-10,SPY,321.42,322.39,318.22,319.0,319.0,71004956
2020-06-11,SPY,311.46,312.15,300.01,300.61,300.61,159752988
2020-06-12,SPY,308.24,309.08,298.6,304.21,304.21,141629624
2020-06-15,SPY,298.02,308.28,296.74,307.05,307.05,100435903
2020-06-16,SPY,315.47,315.64,307.67,312.96,312.96,108331740
2020-06-17,SPY,314.06,314.39,310.86,311.66,311.66,56739977
2020-06-18,SPY,310.0,312.3,309.51,311.78,311.78,54083398
2020-06-19,SPY,314.17,314.38,306.53,308.64,308.64,83168104
2020-06-22,SPY,307.99,311.05,306.75,310.62,310.62,53061101
2020-06-23,SPY,313.49,314.5,311.61,312.05,312.05,49444584
2020-06-24,SPY,309.84,310.51,302.1,304.09,304.09,100860200
2020-06-25,SPY,303.48,307.64,301.28,307.35,307.35,67189667
2020-06-26,SPY,306.16,306.39,299.42,300.05,300.05,91212034
2020-06-29,SPY,301.42,304.46,298.93,304.46,304.46,56162014
2020-06-30,SPY,303.98,310.2,303.82,308.36,308.36,73206383
2020-07-01,SPY,309.56,311.89,309.07,310.52,310.52,51040126
2020-07-02,SPY,314.23,315.7,311.51,312.23,312.23,51450956
2020-07-06,SPY,316.37,317.68,315.56,317.05,317.05,41500756
2020-07-07,SPY,315.38,317.52,313.37,313.78,313.78,59924191
2020-07-08,SPY,314.61,316.3,312.7,316.18,316.18,42413282
2020-07-09,SPY,316.84,317.1,310.68,314.38,314.38,64776080
2020-07-10,SPY,314.25,317.88,312.76,317.59,317.59,43687214
2020-07-13,SPY,320.13,322.71,314.13,314.84,314.84,72813172
2020-07-14,SPY,313.28,319.76,312.0,318.92,318.92,70389274
2020-07-15,SPY,322.41,323.04,319.26,321.85,321.85,62785936
2020-07-16,SPY,319.79,321.28,319.09,320.79,320.79,42081413
2020-07-17,SPY,321.85,322.57,319.73,321.72,321.72,38554413
2020-07-20,SPY,321.43,325.13,320.62,324.32,324.32,38600784
2020-07-21,SPY,326.45,326.93,323.94,325.01,325.01,42320247
2020-07-22,SPY,324.61,327.2,324.5,326.86,326.86,38183312
2020-07-23,SPY,326.46,327.23,321.48,322.96,322.96,57473089
2020-07-24,SPY,320.95,321.99,319.24,320.88,320.88,48142794
2020-07-27,SPY,321.63,323.41,320.77,323.22,323.22,31787557
2020-07-28,SPY,322.43,323.64,320.85,321.17,321.17,35762442
2020-07-29,SPY,322.12,325.73,322.07,325.12,325.12,34009051
2020-07-30,SPY,321.9,324.41,319.64,323.96,323.96,44112559
2020-07-31,SPY,325.9,326.61,321.33,326.52,326.52,56359601
2020-08-03,SPY,328.32,329.62,327.73,328.79,328.79,34361241
2020-08-04,SPY,327.86,330.06,327.86,330.06,330.06,29585843
2020-08-05,SPY,331.47,332.39,331.18,332.11,332.11,27908564
2020-08-06,SPY,331.48,334.46,331.13,334.33,334.33,32559780
2020-08-07,SPY,333.28,334.88,332.3,334.57,334.57,41868023
2020-08-10,SPY,335.06,335.77,332.95,335.57,335.57,30878397
2020-08-11,SPY,336.86,337.54,332.01,332.8,332.8,49118925
2020-08-12,SPY,335.45,338.28,335.43,337.44,337.44,37545833
2020-08-13,SPY,336.61,338.26,335.83,336.83,336.83,30368835
2020-08-14,SPY,336.41,337.42,335.62,336.84,336.84,27517255
2020-08-17,SPY,337.93,338.34,337.48,337.91,337.91,22958054
2020-08-18,SPY,338.34,339.1,336.61,338.64,338.64,25589641
2020-08-19,SPY,339.06,339.61,336.62,337.23,337.23,44846152
2020-08-20,SPY,335.36,338.8,335.22,338.28,338.28,31318457
2020-08-21,SPY,337.92,339.72,337.55,339.48,339.48,31804620
2020-08-24,SPY,342.12,343.0,341.06,342.92,342.92,29662242
2020-08-25,SPY,343.54,344.21,342.27,344.12,344.12,27614000
2020-08-26,SPY,344.74,347.86,344.17,347.57,347.57,35985513
2020-08-27,SPY,348.53,349.9,346.53,348.33,348.33,43392523
2020-08-28,SPY,349.45,350.72,348.15,350.58,350.58,31957613
2020-08-31,SPY,350.35,351.3,349.09,349.31,349.31,38735895
2020-09-01,SPY,350.21,352.69,349.24,352.6,352.6,35897031
2020-09-02,SPY,354.67,358.75,353.43,357.7,357.7,53600274
2020-09-03,SPY,355.86,356.38,342.59,345.39,345.39,111387981
2020-09-04,SPY,346.13,347.83,334.87,342.57,342.57,96102477
2020-09-08,SPY,336.71,338.06,332.88,333.21,333.21,78205342
2020-09-09,SPY,337.55,342.46,336.61,339.79,339.79,62849591
2020-09-10,SPY,341.82,342.53,332.85,333.89,333.89,68329647
2020-09-11,SPY,335.82,336.97,331.0,334.06,334.06,58853866
2020-09-14,SPY,337.49,340.38,336.93,338.46,338.46,43188569
2020-09-15,SPY,341.12,342.02,339.02,340.17,340.17,37294975
2020-09-16,SPY,341.53,343.06,338.52,338.82,338.82,54042389
2020-09-17,SPY,333.56,337.7,332.99,335.84,335.84,62867377
2020-09-18,SPY,335.37,335.49,327.97,330.65,330.65,62758330
2020-09-21,SPY,325.7,327.09,321.73,326.97,326.97,70172808
2020-09-22,SPY,328.57,330.9,325.86,330.3,330.3,43891435
2020-09-23,SPY,330.9,331.2,322.1,322.64,322.64,63036833
2020-09-24,SPY,321.21,326.8,319.8,323.5,323.5,61638830
2020-09-25,SPY,322.57,329.58,321.64,328.73,328.73,50560001
2020-09-28,SPY,333.22,334.96,332.15,334.19,334.19,42654698
2020-09-29,SPY,333.97,334.77,331.62,332.37,332.37,36729122
2020-09-30,SPY,333.1,338.29,332.88,334.89,334.89,65338230
2020-10-01,SPY,337.69,338.74,335.01,337.04,337.04,51424343
2020-10-02,SPY,331.7,335.92,331.19,333.84,333.84,65141971
2020-10-05,SPY,336.06,339.96,336.01,339.76,339.76,34688747
2020-10-06,SPY,339.91,342.17,334.38,334.93,334.93,70624311
2020-10-07,SPY,338.1,341.63,338.09,340.76,340.76,35925588
2020-10-08,SPY,342.85,343.85,341.86,343.78,343.78,31805995
2020-10-09,SPY,345.57,347.35,344.89,346.85,346.85,39433429
2020-10-12,SPY,349.57,354.02,349.06,352.43,352.43,46295024
2020-10-13,SPY,352.26,352.44,349.09,350.13,350.13,44613530
2020-10-14,SPY,350.74,351.93,347.14,347.93,347.93,41826969
2020-10-15,SPY,343.7,348.02,343.13,347.5,347.5,46076074
2020-10-16,SPY,348.96,350.75,347.1,347.29,347.29,40662082
2020-10-19,SPY,348.65,349.33,341.04,342.01,342.01,49437050
2020-10-20,SPY,343.46,346.88,342.64,343.38,343.38,46127113
2020-10-21,SPY,343.32,345.67,342.4,342.73,342.73,48349323
2020-10-22,SPY,342.96,345.24,340.65,344.61,344.61,40668343
2020-10-23,SPY,345.93,345.99,343.13,345.78,345.78,33450100
2020-10-26,SPY,342.13,342.98,335.62,339.39,339.39,68328318
2020-10-27,SPY,339.75,340.12,337.99,338.22,338.22,44070368
2020-10-28,SPY,332.11,332.84,326.13,326.66,326.66,91535342
2020-10-29,SPY,326.91,333.4,325.09,329.98,329.98,62691407
2020-10-30,SPY,328.28,329.69,322.6,326.54,326.54,82195985
2020-11-02,SPY,330.2,332.36,327.24,330.2,330.2,59754337
2020-11-03,SPY,333.7,338.25,333.17,336.03,336.03,64341926
2020-11-04,SPY,340.85,347.94,339.59,343.54,343.54,86675150
2020-11-05,SPY,349.24,352.19,348.86,350.24,350.24,59894818
2020-11-06,SPY,349.93,351.51,347.65,350.16,350.16,42925285
2020-11-09,SPY,363.97,364.38,354.06,354.56,354.56,101508325
2020-11-10,SPY,353.48,355.18,350.51,354.04,354.04,59345057
2020-11-11,SPY,356.4,357.56,355.06,356.67,356.67,37027303
2020-11-12,SPY,355.58,356.42,351.26,353.21,353.21,51263298
2020-11-13,SPY,355.27,358.9,354.71,358.1,358.1,42983580
2020-11-16,SPY,360.98,362.59,359.59,362.57,362.57,51656938
2020-11-17,SPY,359.96,361.92,358.34,360.62,360.62,42036042
2020-11-18,SPY,360.9,361.5,356.24,356.28,356.28,44921167
2020-11-19,SPY,355.59,358.18,354.15,357.78,357.78,38079366
2020-11-20,SPY,357.48,357.72,355.25,355.33,355.33,33502481
2020-11-23,SPY,357.28,358.82,354.86,357.46,357.46,38724893
2020-11-24,SPY,360.21,363.81,359.29,363.22,363.22,45548452
2020-11-25,SPY,363.13,363.16,361.48,362.66,362.66,28199316
2020-11-27,SPY,363.83,364.18,362.58,363.67,363.67,16175811
2020-11-30,SPY,362.83,363.12,359.17,362.06,362.06,49531919
2020-12-01,SPY,365.54,367.68,364.93,366.02,366.02,45048967
2020-12-02,SPY,364.82,366.96,364.2,366.79,366.79,30061616
2020-12-03,SPY,366.69,368.19,365.5,366.69,366.69,43469372
2020-12-04,SPY,367.3,369.85,367.22,369.85,369.85,33011901
2020-12-07,SPY,368.4,369.62,367.72,369.09,369.09,29309034
2020-12-08,SPY,367.69,370.78,367.67,370.17,370.17,26984125
2020-12-09,SPY,370.88,371.05,365.95,366.85,366.85,49927649
2020-12-10,SPY,365.37,367.86,364.43,366.73,366.73,34458606
2020-12-11,SPY,364.9,366.58,363.26,366.3,366.3,36538750
2020-12-14,SPY,368.62,369.8,364.47,364.66,364.66,43735674
2020-12-15,SPY,367.4,369.59,365.92,369.59,369.59,34884268
2020-12-16,SPY,369.82,371.16,368.86,370.17,370.17,33096928
2020-12-17,SPY,371.94,372.46,371.05,372.24,372.24,28786078
2020-12-18,SPY,370.97,371.15,367.02,369.18,369.18,54218737
2020-12-21,SPY,364.97,373.0,362.03,367.86,367.86,62876882
2020-12-22,SPY,368.21,368.34,366.03,367.24,367.24,31747377
2020-12-23,SPY,368.26,369.62,367.39,367.57,367.57,28203281
2020-12-24,SPY,368.08,369.01,367.45,369.0,369.0,15207333
2020-12-28,SPY,371.75,372.59,371.07,372.17,372.17,23273775
2020-12-29,SPY,373.81,374.0,370.83,371.46,371.46,35279613
2020-12-30,SPY,372.34,373.1,371.57,371.99,371.99,28639739
2020-12-31,SPY,371.78,374.66,371.23,373.88,373.88,41302978
2021-01-04,SPY,375.31,375.45,364.82,368.79,368.79,75647304
2021-01-05,SPY,368.1,372.5,368.05,371.33,371.33,40395179
2021-01-06,SPY,369.71,376.98,369.12,373.55,373.55,74345639
2021-01-07,SPY,376.1,379.9,375.91,379.1,379.1,44825214
2021-01-08,SPY,380.59,381.49,377.1,381.26,381.26,47807925
2021-01-11,SPY,377.87,380.58,377.71,378.69,378.69,36117889
2021-01-12,SPY,378.89,379.86,376.36,378.77,378.77,36372316
2021-01-13,SPY,378.69,380.86,377.85,379.79,379.79,31013561
2021-01-14,SPY,380.59,381.13,378.1,378.46,378.46,31863483
2021-01-15,SPY,376.72,377.58,373.7,375.7,375.7,48710580
2021-01-19,SPY,378.34,379.23,376.75,378.65,378.65,31502182
2021-01-20,SPY,381.11,384.79,380.69,383.89,383.89,35987669
2021-01-21,SPY,384.49,384.95,383.25,384.24,384.24,28358809
2021-01-22,SPY,382.25,384.08,381.83,382.88,382.88,29329967
2021-01-25,SPY,383.67,384.77,378.46,384.39,384.39,50551226
2021-01-26,SPY,385.41,385.85,383.54,383.79,383.79,30184644
2021-01-27,SPY,380.22,380.32,372.01,374.41,374.41,82401382
2021-01-28,SPY,376.35,381.93,375.89,377.63,377.63,56618305
2021-01-29,SPY,375.61,376.67,368.27,370.07,370.07,89125484
2021-02-01,SPY,373.72,377.34,371.42,376.23,376.23,47590411
2021-02-02,SPY,379.61,383.22,379.6,381.55,381.55,42827752
2021-02-03,SPY,382.44,383.7,380.48,381.85,381.85,34293932
2021-02-04,SPY,382.96,386.24,382.78,386.19,386.19,29268223
2021-02-05,SPY,388.21,388.47,386.48,387.71,387.71,28386784
2021-02-08,SPY,389.27,390.54,388.35,390.51,390.51,25357007
2021-02-09,SPY,389.61,390.89,389.17,390.25,390.25,24655467
2021-02-10,SPY,392.12,392.28,387.5,390.08,390.08,42369188
2021-02-11,SPY,391.25,391.69,388.1,390.71,390.71,31122670
2021-02-12,SPY,389.85,392.9,389.77,392.64,392.64,30117193
2021-02-16,SPY,393.97,394.17,391.53,392.3,392.3,35406184
2021-02-17,SPY,390.42,392.66,389.33,392.39,392.39,36577787
2021-02-18,SPY,389.57,391.52,387.74,390.72,390.72,42490011
2021-02-19,SPY,392.07,392.38,389.55,390.03,390.03,44144208
2021-02-22,SPY,387.06,389.62,386.74,387.03,387.03,44168855
2021-02-23,SPY,384.65,388.95,380.2,387.5,387.5,81917475
2021-02-24,SPY,386.33,392.23,385.27,391.77,391.77,53001367
2021-02-25,SPY,390.41,391.88,380.77,382.33,382.33,118420442
2021-02-26,SPY,384.36,385.58,378.25,380.36,380.36,110430880
2021-03-01,SPY,385.59,390.92,385.54,389.58,389.58,75126122
2021-03-02,SPY,389.82,390.07,386.0,386.54,386.54,56093997
2021-03-03,SPY,385.79,386.83,381.31,381.42,381.42,92087541
2021-03-04,SPY,381.22,384.0,371.88,376.7,376.7,143525915
2021-03-05,SPY,380.42,384.76,372.64,383.63,383.63,103783538
2021-03-08,SPY,384.66,387.68,381.42,381.72,381.72,93485543
2021-03-09,SPY,385.85,389.91,385.31,387.17,387.17,75604567
2021-03-10,SPY,389.68,391.4,388.17,389.58,389.58,81993298
2021-03-11,SPY,392.22,395.65,391.74,393.53,393.53,58436476
2021-03-12,SPY,392.08,394.21,391.2,394.06,394.06,42831370
2021-03-15,SPY,394.33,396.69,392.03,396.41,396.41,50723048
2021-03-16,SPY,397.07,397.83,395.08,395.91,395.91,54996934
2021-03-17,SPY,394.53,398.12,393.3,397.26,397.26,63376532
2021-03-18,SPY,394.47,396.72,390.75,391.48,391.48,73746326
2021-03-19,SPY,389.89,391.57,387.15,389.48,389.48,67805862
2021-03-22,SPY,390.03,394.07,389.97,392.59,392.59,44161844
2021-03-23,SPY,391.9,393.46,388.66,389.5,389.5,64057633
2021-03-24,SPY,391.0,392.75,387.48,387.52,387.52,68467036
2021-03-25,SPY,385.99,390.55,383.9,389.7,389.7,83635034
2021-03-26,SPY,390.93,396.41,390.29,395.98,395.98,73665330
2021-03-29,SPY,394.4,396.75,392.81,395.78,395.78,71453055
2021-03-30,SPY,394.4,395.45,393.02,394.73,394.73,53995841
2021-03-31,SPY,395.33,398.0,395.31,396.33,396.33,67149393
2021-04-01,SPY,398.4,400.67,398.18,400.61,400.61,48290852
2021-04-05,SPY,403.46,406.94,403.38,406.36,406.36,58126466
2021-04-06,SPY,405.76,407.24,405.4,406.12,406.12,42594994
2021-04-07,SPY,405.94,406.96,405.45,406.59,406.59,40025570
2021-04-08,SPY,407.93,408.58,406.93,408.52,408.52,36995295
2021-04-09,SPY,408.39,411.67,408.26,411.49,411.49,44095610
2021-04-12,SPY,410.84,411.93,410.2,411.64,411.64,40613595
2021-04-13,SPY,411.54,413.53,411.12,412.86,412.86,42376624
2021-04-14,SPY,412.83,413.96,410.87,411.45,411.45,46872944
2021-04-15,SPY,413.74,416.16,413.69,415.87,415.87,45599507
2021-04-16,SPY,417.25,417.91,415.73,417.26,417.26,48103656
2021-04-19,SPY,416.24,416.74,413.79,415.21,415.21,53598374
2021-04-20,SPY,413.91,414.68,410.59,412.17,412.17,53373595
2021-04-21,SPY,411.51,416.29,411.36,416.07,416.07,48082048
2021-04-22,SPY,415.88,416.78,411.13,412.27,412.27,74951061
2021-04-23,SPY,412.87,418.25,412.79,416.74,416.74,47041113
2021-04-26,SPY,417.44,418.22,416.97,417.61,417.61,33452814
2021-04-27,SPY,417.93,418.14,416.3,417.52,417.52,31465576
2021-04-28,SPY,417.83,419.01,416.9,417.4,417.4,38319491
2021-04-29,SPY,420.33,420.72,416.44,420.06,420.06,57874225
2021-04-30,SPY,417.63,418.54,416.34,417.3,417.3,58526358
2021-05-03,SPY,419.43,419.84,417.66,418.2,418.2,42812863
2021-05-04,SPY,416.08,416.6,411.67,415.62,415.62,73725627
2021-05-05,SPY,417.38,417.63,414.94,415.75,415.75,45487442
2021-05-06,SPY,415.83,419.21,413.67,419.07,419.07,58474689
2021-05-07,SPY,419.91,422.82,419.16,422.12,422.12,47895485
2021-05-10,SPY,422.5,422.74,417.81,417.94,417.94,60675375
2021-05-11,SPY,413.1,415.27,410.06,414.21,414.21,91900172
2021-05-12,SPY,411.23,412.59,404.0,405.41,405.41,97771885
2021-05-13,SPY,407.07,412.35,407.02,410.28,410.28,86486454
2021-05-14,SPY,413.2,417.49,413.18,416.58,416.58,56440389
2021-05-17,SPY,415.39,416.39,413.36,415.52,415.52,49484378
2021-05-18,SPY,415.8,416.06,411.77,411.94,411.94,44748296
2021-05-19,SPY,406.92,411.05,405.33,410.86,410.86,80506327
2021-05-20,SPY,411.8,416.63,411.67,415.28,415.28,57708509
2021-05-21,SPY,416.87,418.2,414.45,414.94,414.94,50693319
2021-05-24,SPY,417.34,420.32,417.08,419.17,419.17,37787987
2021-05-25,SPY,420.33,420.71,417.62,418.24,418.24,41059273
2021-05-26,SPY,418.87,419.61,417.76,419.07,419.07,33123848
2021-05-27,SPY,420.17,420.72,419.12,419.29,419.29,42573374
2021-05-28,SPY,420.97,421.25,419.79,420.04,420.04,37905746
2021-06-01,SPY,422.57,422.72,419.2,419.67,419.67,37991962
2021-06-02,SPY,420.37,421.23,419.29,420.33,420.33,32147330
2021-06-03,SPY,417.87,419.99,416.28,418.77,418.77,43319040
2021-06-04,SPY,420.75,422.92,420.68,422.6,422.6,34318552
2021-06-07,SPY,422.59,422.78,421.19,422.19,422.19,32237011
2021-06-08,SPY,423.24,423.25,420.32,422.28,422.28,33648889
2021-06-09,SPY,423.18,423.26,421.41,421.65,421.65,29603473
2021-06-10,SPY,422.96,424.63,421.55,423.61,423.61,35359647
2021-06-11,SPY,424.19,424.42,422.82,424.31,424.31,27518218
2021-06-14,SPY,424.43,425.29,423.1,425.26,425.26,27509719
2021-06-15,SPY,425.43,425.46,423.54,424.48,424.48,32346603
2021-06-16,SPY,424.63,424.87,419.94,422.11,422.11,54533237
2021-06-17,SPY,421.67,423.02,419.32,421.97,421.97,51630382
2021-06-18,SPY,417.08,417.83,414.7,414.92,414.92,60605189
2021-06-21,SPY,416.8,421.06,415.93,420.86,420.86,49959606
2021-06-22,SPY,420.85,424.0,420.08,423.11,423.11,39834327
2021-06-23,SPY,423.18,424.05,422.51,422.6,422.6,32785078
2021-06-24,SPY,424.89,425.55,424.62,425.1,425.1,31151444
2021-06-25,SPY,425.9,427.1,425.55,426.61,426.61,38243250
2021-06-28,SPY,427.17,427.65,425.89,427.47,427.47,30996675
2021-06-29,SPY,427.89,428.56,427.13,427.7,427.7,26376041
2021-06-30,SPY,427.2,428.78,427.18,428.06,428.06,35945514
2021-07-01,SPY,428.83,430.6,428.8,430.43,430.43,37526382
2021-07-02,SPY,431.67,434.1,431.33,433.72,433.72,39305292
2021-07-06,SPY,433.78,434.01,430.01,432.93,432.93,49209657
2021-07-07,SPY,433.66,434.76,431.51,434.46,434.46,45817309
2021-07-08,SPY,428.78,431.73,427.52,430.92,430.92,71250749
2021-07-09,SPY,432.53,435.84,432.31,435.52,435.52,48692553
2021-07-12,SPY,435.42,437.35,434.97,437.08,437.08,34329441
2021-07-13,SPY,436.26,437.84,435.31,435.59,435.59,39330258
2021-07-14,SPY,437.39,437.92,434.91,436.24,436.24,43446458
2021-07-15,SPY,434.81,435.53,432.72,434.75,434.75,43711455
2021-07-16,SPY,436.03,436.06,430.92,431.34,431.34,52496211
2021-07-19,SPY,426.19,426.71,421.97,424.97,424.97,108917635
2021-07-20,SPY,425.68,432.42,424.83,431.06,431.06,72046979
2021-07-21,SPY,432.36,434.7,432.14,434.55,434.55,42962308
2021-07-22,SPY,434.74,435.72,433.69,435.46,435.46,33032651
2021-07-23,SPY,437.53,440.3,436.79,439.94,439.94,42776491
2021-07-26,SPY,439.34,441.03,439.26,441.02,441.02,28862919
2021-07-27,SPY,439.91,439.94,435.99,439.01,439.01,50680170
2021-07-28,SPY,439.68,440.3,437.31,438.83,438.83,38076966
2021-07-29,SPY,439.83,441.8,439.81,440.65,440.65,33229494
2021-07-30,SPY,437.91,440.06,437.77,438.51,438.51,45038527
2021-08-02,SPY,440.34,440.93,437.21,437.59,437.59,43282284
2021-08-03,SPY,438.41,441.28,436.1,441.15,441.15,44885427
2021-08-04,SPY,439.77,440.41,438.73,438.98,438.98,34141033
2021-08-05,SPY,440.22,441.85,439.88,441.76,441.76,27405984
2021-08-06,SPY,442.1,442.94,441.8,442.49,442.49,30511040
2021-08-09,SPY,442.46,442.8,441.31,442.13,442.13,24423863
2021-08-10,SPY,442.61,443.44,441.88,442.68,442.68,30780522
2021-08-11,SPY,443.8,443.89,442.62,443.78,443.78,29842850
2021-08-12,SPY,443.62,445.26,442.66,445.11,445.11,28629745
2021-08-13,SPY,445.59,445.93,445.07,445.92,445.92,25183718
2021-08-16,SPY,444.54,447.11,442.87,446.97,446.97,44730284
2021-08-17,SPY,444.24,444.96,440.85,444.04,444.04,69304089
2021-08-18,SPY,442.96,444.63,438.92,439.18,439.18,59361388
2021-08-19,SPY,436.27,441.14,436.12,439.86,439.86,74711742
2021-08-20,SPY,440.23,443.71,439.71,443.36,443.36,46674447
2021-08-23,SPY,445.16,448.23,445.14,447.26,447.26,37955296
2021-08-24,SPY,447.97,448.54,447.42,447.97,447.97,25704116
2021-08-25,SPY,448.17,449.46,447.77,448.91,448.91,28282215
2021-08-26,SPY,448.61,448.86,446.16,446.26,446.26,46761892
2021-08-27,SPY,447.12,450.65,447.06,450.25,450.25,46019663
2021-08-30,SPY,450.99,453.07,450.71,452.23,452.23,32316691
2021-08-31,SPY,452.13,452.49,450.92,451.56,451.56,38062255
2021-09-01,SPY,452.58,453.11,451.54,451.8,451.8,35851903
2021-09-02,SPY,453.32,454.05,451.91,453.19,453.19,31382025
2021-09-03,SPY,451.98,453.63,451.55,453.08,453.08,31190930
2021-09-07,SPY,452.71,452.81,450.74,451.46,451.46,35654750
2021-09-08,SPY,450.89,451.67,448.86,450.91,450.91,41620897
2021-09-09,SPY,450.7,452.57,448.72,448.98,448.98,43518755
2021-09-10,SPY,451.04,451.49,445.31,445.44,445.44,60848574
2021-09-13,SPY,448.65,448.92,444.11,446.58,446.58,58661421
2021-09-14,SPY,448.12,448.34,443.22,444.17,444.17,54640106
2021-09-15,SPY,444.62,448.41,443.44,447.88,447.88,54633479
2021-09-16,SPY,447.32,448.36,444.02,447.17,447.17,50865867
2021-09-17,SPY,444.92,445.37,441.02,441.4,441.4,72060821
2021-09-20,SPY,434.88,436.56,428.86,434.04,434.04,121956027
2021-09-21,SPY,436.53,437.91,433.07,433.63,433.63,68392678
2021-09-22,SPY,436.05,440.03,435.07,437.86,437.86,74372660
2021-09-23,SPY,439.84,444.89,439.6,443.18,443.18,56597442
2021-09-24,SPY,441.44,444.67,441.21,443.91,443.91,42095650
2021-09-27,SPY,442.81,444.05,441.9,442.64,442.64,42039635
2021-09-28,SPY,439.69,440.04,432.94,433.72,433.72,96190286
2021-09-29,SPY,435.19,437.04,433.85,434.45,434.45,62205995
2021-09-30,SPY,436.02,436.77,428.78,429.14,429.14,95385455
2021-10-01,SPY,430.98,436.04,427.23,434.24,434.24,89252803
2021-10-04,SPY,433.0,433.96,426.36,428.64,428.64,93164264
2021-10-05,SPY,430.24,435.49,429.39,433.1,433.1,66533717
2021-10-06,SPY,429.27,435.12,427.54,434.9,434.9,85087792
2021-10-07,SPY,438.39,441.68,438.2,438.66,438.66,53752620
2021-10-08,SPY,439.48,439.89,437.19,437.86,437.86,49536254
2021-10-11,SPY,437.16,440.26,434.62,434.69,434.69,45607034
2021-10-12,SPY,435.67,436.1,432.78,433.62,433.62,50189611
2021-10-13,SPY,434.71,436.05,431.54,435.18,435.18,51504299
2021-10-14,SPY,439.08,442.66,438.58,442.5,442.5,48509619
2021-10-15,SPY,444.76,446.26,444.09,445.87,445.87,42364398
2021-10-18,SPY,443.97,447.55,443.27,447.19,447.19,38411426
2021-10-19,SPY,448.92,450.7,448.27,450.64,450.64,35357494
2021-10-20,SPY,451.13,452.74,451.01,452.41,452.41,33853976
2021-10-21,SPY,451.76,453.83,451.31,453.59,453.59,28831267
2021-10-22,SPY,453.13,454.67,451.05,453.12,453.12,43018221
2021-10-25,SPY,454.28,455.9,452.39,455.55,455.55,30727454
2021-10-26,SPY,457.2,458.49,455.56,455.96,455.96,41357087
2021-10-27,SPY,456.45,457.16,453.86,453.94,453.94,39788490
2021-10-28,SPY,455.46,458.4,455.45,458.32,458.32,32730351
2021-10-29,SPY,455.87,459.56,455.56,459.25,459.25,41868994
2021-11-01,SPY,460.3,460.71,458.2,460.04,460.04,31993675
2021-11-02,SPY,460.21,462.23,460.08,461.9,461.9,31098995
2021-11-03,SPY,461.3,465.15,460.83,464.72,464.72,36111379
2021-11-04,SPY,465.36,467.0,464.99,466.91,466.91,34005044
2021-11-05,SPY,469.28,470.65,466.92,468.53,468.53,44787011
2021-11-08,SPY,469.7,470.23,468.2,468.93,468.93,27752483
2021-11-09,SPY,469.32,469.57,465.88,467.38,467.38,36792267
2021-11-10,SPY,465.58,467.38,462.04,463.62,463.62,50215523
2021-11-11,SPY,465.21,465.29,463.75,463.77,463.77,25072089
2021-11-12,SPY,465.12,467.86,464.11,467.27,467.27,34239790
2021-11-15,SPY,468.64,468.81,466.23,467.43,467.43,31243544
2021-11-16,SPY,467.16,470.49,467.07,469.28,469.28,30695704
2021-11-17,SPY,469.0,469.19,467.48,468.14,468.14,29497888
2021-11-18,SPY,469.24,470.01,466.34,469.73,469.73,35042674
2021-11-19,SPY,469.61,470.94,468.5,468.89,468.89,32115493
2021-11-22,SPY,470.81,473.54,467.35,467.57,467.57,52568302
2021-11-23,SPY,467.22,469.1,464.45,468.19,468.19,52780614
2021-11-24,SPY,466.06,469.57,465.19,469.44,469.44,42477879
2021-11-26,SPY,462.38,463.9,457.77,458.97,458.97,70623727
2021-11-29,SPY,464.07,466.56,461.73,464.6,464.6,54323193
2021-11-30,SPY,462.0,464.03,455.3,455.56,455.56,97083445
2021-12-01,SPY,461.64,464.67,450.29,450.5,450.5,92030995
2021-12-02,SPY,450.72,459.07,450.31,457.4,457.4,87135154
2021-12-03,SPY,459.17,460.3,448.92,453.42,453.42,98907408
2021-12-06,SPY,456.14,460.79,453.56,458.79,458.79,66467576
2021-12-07,SPY,464.41,468.88,464.34,468.28,468.28,64039728
2021-12-08,SPY,468.7,470.0,466.83,469.52,469.52,41652384
2021-12-09,SPY,468.15,469.11,466.14,466.35,466.35,41438415
2021-12-10,SPY,469.23,470.9,466.51,470.74,470.74,48685091
2021-12-13,SPY,470.19,470.56,466.27,466.57,466.57,56051292
2021-12-14,SPY,463.05,465.74,460.25,463.36,463.36,59037693
2021-12-15,SPY,463.42,470.86,460.74,470.6,470.6,71882966
2021-12-16,SPY,472.57,472.87,464.8,466.45,466.45,72008951
2021-12-17,SPY,461.52,464.74,458.06,459.87,459.87,79421094
2021-12-20,SPY,454.48,455.4,451.14,454.98,454.98,69736482
2021-12-21,SPY,458.57,463.21,456.31,463.06,463.06,48991656
2021-12-22,SPY,462.79,467.81,462.58,467.69,467.69,38452144
2021-12-23,SPY,468.75,472.19,468.64,470.6,470.6,34440500
2021-12-27,SPY,472.03,477.31,472.01,477.26,477.26,36463332
2021-12-28,SPY,477.72,478.81,476.06,476.87,476.87,28908009
2021-12-29,SPY,477.0,478.56,475.92,477.48,477.48,31228179
2021-12-30,SPY,477.93,479.0,475.67,476.16,476.16,31204071
2021-12-31,SPY,475.64,476.86,474.67,474.96,474.96,37908097
2022-01-03,SPY,476.32,477.85,473.85,477.71,477.71,44115602
2022-01-04,SPY,479.22,479.98,475.58,477.55,477.55,44970789
2022-01-05,SPY,477.16,477.98,468.28,468.38,468.38,66158039
2022-01-06,SPY,467.89,470.82,465.43,467.94,467.94,60999921
2022-01-07,SPY,467.95,469.2,464.65,466.09,466.09,53262760
2022-01-10,SPY,462.7,465.74,456.59,465.51,465.51,82225190
2022-01-11,SPY,465.22,469.85,462.05,469.75,469.75,55016822
2022-01-12,SPY,471.59,473.2,468.94,471.02,471.02,47133157
2022-01-13,SPY,472.21,472.88,463.44,464.53,464.53,61645158
2022-01-14,SPY,461.19,465.09,459.9,464.72,464.72,69253600
2022-01-18,SPY,459.73,459.96,455.31,456.49,456.49,74928513
2022-01-19,SPY,458.17,459.62,451.46,451.75,451.75,72551986
2022-01-20,SPY,453.75,458.74,444.5,446.75,446.75,90120534
2022-01-21,SPY,445.56,448.06,437.98,437.98,437.98,125025639
2022-01-24,SPY,432.03,440.38,420.76,439.84,439.84,166376267
2022-01-25,SPY,433.06,439.72,427.15,434.47,434.47,109859491
2022-01-26,SPY,440.72,444.04,428.86,433.38,433.38,134858352
2022-01-27,SPY,438.26,441.59,429.45,431.24,431.24,101729571
2022-01-28,SPY,432.7,442.0,427.82,441.95,441.95,114074260
2022-01-31,SPY,441.24,450.28,439.81,449.91,449.91,89299623
2022-02-01,SPY,450.72,453.63,446.93,452.95,452.95,71907595
2022-02-02,SPY,455.5,458.12,453.05,457.35,457.35,71264778
2022-02-03,SPY,450.95,452.97,445.71,446.6,446.6,79616183
2022-02-04,SPY,446.35,452.78,443.83,448.7,448.7,77262496
2022-02-07,SPY,449.51,450.99,445.85,447.26,447.26,60856095
2022-02-08,SPY,446.73,451.92,445.22,450.94,450.94,58231999
2022-02-09,SPY,455.22,457.88,455.0,457.54,457.54,61078349
2022-02-10,SPY,451.34,457.71,447.2,449.32,449.32,93313622
2022-02-11,SPY,449.41,451.61,438.94,440.46,440.46,111725577
2022-02-14,SPY,439.92,441.6,435.34,439.02,439.02,88613109
2022-02-15,SPY,443.73,446.28,443.18,446.1,446.1,62518875
2022-02-16,SPY,443.93,448.06,441.94,446.6,446.6,59973887
2022-02-17,SPY,443.22,443.8,436.42,437.06,437.06,69580260
2022-02-18,SPY,437.33,438.66,431.82,434.23,434.23,81174856
2022-02-22,SPY,431.89,435.5,425.86,429.57,429.57,87865860
2022-02-23,SPY,432.69,433.26,421.35,421.95,421.95,91977848
2022-02-24,SPY,411.02,428.76,410.64,428.3,428.3,140677919
2022-02-25,SPY,429.61,437.84,427.86,437.75,437.75,88184778
2022-02-28,SPY,432.02,438.2,430.7,436.63,436.63,102142961
2022-03-01,SPY,435.04,437.17,427.11,429.98,429.98,93454896
2022-03-02,SPY,432.41,439.56,431.57,437.89,437.89,82387441
2022-03-03,SPY,440.47,441.11,433.84,435.71,435.71,78005730
2022-03-04,SPY,431.75,433.37,427.88,432.17,432.17,82104611
2022-03-07,SPY,431.55,431.84,419.36,419.43,419.43,89082963
2022-03-08,SPY,419.7,427.21,415.12,416.25,416.25,117215629
2022-03-09,SPY,425.14,429.51,422.82,427.41,427.41,76101706
2022-03-10,SPY,422.52,426.43,420.44,425.48,425.48,64376229
2022-03-11,SPY,428.12,428.77,419.53,420.07,420.07,67244627
2022-03-14,SPY,420.89,424.55,415.79,417.0,417.0,70711734
2022-03-15,SPY,419.77,426.84,418.42,426.17,426.17,69745175
2022-03-16,SPY,429.89,435.68,424.8,435.62,435.62,98371965
2022-03-17,SPY,433.59,441.07,433.19,441.07,441.07,61245575
2022-03-18,SPY,438.0,444.86,437.22,444.52,444.52,60711706
2022-03-21,SPY,444.34,446.46,440.68,444.39,444.39,61888065
2022-03-22,SPY,445.86,450.58,445.86,449.59,449.59,53128937
2022-03-23,SPY,446.91,448.49,443.79,443.8,443.8,51936675
2022-03-24,SPY,445.93,450.49,444.76,450.49,450.49,43574417
2022-03-25,SPY,451.16,452.98,448.43,452.69,452.69,50013598
2022-03-28,SPY,452.06,455.91,450.06,455.91,455.91,45680941
2022-03-29,SPY,460.02,462.07,457.18,461.55,461.55,60639924
2022-03-30,SPY,460.34,461.2,456.46,458.7,458.7,51088790
2022-03-31,SPY,457.89,458.76,451.16,451.64,451.64,65471377
2022-04-01,SPY,453.32,453.46,449.14,452.92,452.92,56041174
2022-04-04,SPY,453.13,456.83,452.26,456.8,456.8,40084318
2022-04-05,SPY,455.22,457.83,449.82,451.03,451.03,56658056
2022-04-06,SPY,446.89,448.93,443.47,446.52,446.52,77608218
2022-04-07,SPY,445.61,450.69,443.53,448.77,448.77,58991639
2022-04-08,SPY,447.97,450.63,445.94,447.57,447.57,51249072
2022-04-11,SPY,444.11,445.0,439.39,439.92,439.92,59762348
2022-04-12,SPY,443.08,445.75,436.65,438.29,438.29,64453884
2022-04-13,SPY,438.03,444.11,437.84,443.31,443.31,49413481
2022-04-14,SPY,443.55,444.74,437.68,437.79,437.79,57522580
2022-04-18,SPY,436.81,439.75,435.61,437.97,437.97,44962308
2022-04-19,SPY,437.86,445.8,437.68,445.04,445.04,55585968
2022-04-20,SPY,446.91,447.57,443.48,444.71,444.71,50759129
2022-04-21,SPY,448.54,450.01,437.1,438.06,438.06,66692849
2022-04-22,SPY,436.9,437.23,425.44,426.04,426.04,87458031
2022-04-25,SPY,423.66,428.69,418.84,428.51,428.51,85778929
2022-04-26,SPY,425.82,426.04,416.07,416.1,416.1,74845854
2022-04-27,SPY,417.24,422.92,415.01,417.27,417.27,85892425
2022-04-28,SPY,422.29,429.64,417.6,427.81,427.81,76568394
2022-04-29,SPY,423.59,425.87,411.21,412.0,412.0,96345794
2022-05-02,SPY,412.07,415.92,405.02,414.48,414.48,106575500
2022-05-03,SPY,415.01,418.93,413.36,416.38,416.38,76549665
2022-05-04,SPY,417.07,429.66,413.7,429.06,429.06,104890330
2022-05-05,SPY,424.52,425.0,409.44,413.81,413.81,130843333
2022-05-06,SPY,411.1,414.8,405.73,411.34,411.34,104966754
2022-05-09,SPY,405.1,406.41,396.5,398.17,398.17,107227258
2022-05-10,SPY,404.49,406.08,394.82,399.09,399.09,93489864
2022-05-11,SPY,398.05,404.04,391.96,392.75,392.75,96582363
2022-05-12,SPY,389.37,395.8,385.15,392.34,392.34,88085178
2022-05-13,SPY,396.71,403.18,395.61,401.72,401.72,73308970
2022-05-16,SPY,399.98,403.97,397.6,400.09,400.09,55182000
2022-05-17,SPY,406.53,408.57,402.58,408.32,408.32,57983645
2022-05-18,SPY,403.5,403.8,390.55,391.86,391.86,77329498
2022-05-19,SPY,388.56,394.14,387.11,389.46,389.46,69703449
2022-05-20,SPY,393.25,397.03,380.54,389.63,389.63,84558404
2022-05-23,SPY,392.83,397.73,390.38,396.92,396.92,57102048
2022-05-24,SPY,392.56,395.15,386.96,393.89,393.89,65583481
2022-05-25,SPY,392.31,399.45,391.89,397.37,397.37,59804395
2022-05-26,SPY,398.67,407.04,398.45,405.31,405.31,55446007
2022-05-27,SPY,407.93,415.39,407.7,415.26,415.26,57583495
2022-05-31,SPY,413.55,416.46,410.03,412.93,412.93,62421447
2022-06-01,SPY,415.15,416.24,406.93,409.59,409.59,61427245
2022-06-02,SPY,409.42,417.44,407.04,417.39,417.39,56396378
2022-06-03,SPY,412.36,414.04,409.51,410.54,410.54,50653766
2022-06-06,SPY,414.78,416.61,410.55,411.79,411.79,44079770
2022-06-07,SPY,408.1,416.22,407.61,415.74,415.74,41920476
2022-06-08,SPY,413.93,415.82,410.38,411.22,411.22,44469002
2022-06-09,SPY,409.33,411.74,401.44,401.44,401.44,57950847
2022-06-10,SPY,394.88,395.78,389.75,389.8,389.8,83522796
2022-06-13,SPY,379.85,381.81,373.3,375.0,375.0,100739035
2022-06-14,SPY,376.85,377.94,370.59,373.87,373.87,69558803
2022-06-15,SPY,377.36,383.9,372.12,379.2,379.2,88104894
2022-06-16,SPY,370.51,370.94,364.07,366.65,366.65,89225377
2022-06-17,SPY,365.49,369.38,362.17,365.86,365.86,69420640
2022-06-21,SPY,371.88,376.53,371.81,375.07,375.07,52554416
2022-06-22,SPY,370.65,378.72,370.18,374.39,374.39,58378680
2022-06-23,SPY,376.64,378.83,372.89,378.06,378.06,54946461
2022-06-24,SPY,381.4,390.08,381.36,390.08,390.08,62140339
2022-06-27,SPY,391.05,391.36,387.44,388.59,388.59,47326375
2022-06-28,SPY,390.22,393.16,380.53,380.65,380.65,59419747
2022-06-29,SPY,381.23,382.27,378.42,380.34,380.34,49865440
2022-06-30,SPY,376.24,380.66,372.56,377.25,377.25,74798324
2022-07-01,SPY,376.53,381.7,373.8,381.24,381.24,54422712
2022-07-05,SPY,375.85,381.98,372.9,381.96,381.96,59935720
2022-07-06,SPY,382.11,385.87,379.6,383.25,383.25,50819311
2022-07-07,SPY,385.12,389.83,385.12,388.99,388.99,43623168
2022-07-08,SPY,387.27,390.64,385.66,388.67,388.67,46570868
2022-07-11,SPY,385.85,386.87,383.5,384.23,384.23,41555824
2022-07-12,SPY,383.65,386.16,378.99,380.83,380.83,43480076
2022-07-13,SPY,375.1,381.92,374.65,378.83,378.83,56309524
2022-07-14,SPY,373.66,378.57,371.04,377.91,377.91,56814490
2022-07-15,SPY,382.55,385.25,380.54,385.13,385.13,45095790
2022-07-18,SPY,388.38,389.09,380.66,381.95,381.95,43396591
2022-07-19,SPY,386.08,392.87,385.39,392.27,392.27,53190908
2022-07-20,SPY,392.41,396.26,391.03,394.77,394.77,48769163
2022-07-21,SPY,394.16,398.84,391.63,398.79,398.79,44878671
2022-07-22,SPY,398.92,400.16,392.75,395.09,395.09,47388589
2022-07-25,SPY,395.75,396.47,393.21,395.57,395.57,36862675
2022-07-26,SPY,393.84,394.06,389.95,390.89,390.89,37470804
2022-07-27,SPY,394.36,402.88,394.05,401.04,401.04,56772803
2022-07-28,SPY,401.89,406.8,398.15,406.07,406.07,49806841
2022-07-29,SPY,407.58,413.03,406.77,411.99,411.99,52310915
2022-08-01,SPY,409.15,413.41,408.4,410.77,410.77,48852396
2022-08-02,SPY,409.12,413.0,406.82,408.06,408.06,45559833
2022-08-03,SPY,410.32,415.68,410.0,414.45,414.45,45076358
2022-08-04,SPY,414.36,415.09,412.44,414.17,414.17,30278763
2022-08-05,SPY,409.7,414.15,409.6,413.47,413.47,39875963
2022-08-08,SPY,415.25,417.62,411.83,412.99,412.99,37839847
2022-08-09,SPY,412.23,412.75,410.22,411.35,411.35,33550849
2022-08-10,SPY,418.79,420.14,416.72,419.99,419.99,44005375
2022-08-11,SPY,422.99,424.95,419.21,419.99,419.99,41099656
2022-08-12,SPY,422.03,427.21,421.03,427.1,427.1,40394029
2022-08-15,SPY,424.77,429.41,424.71,428.86,428.86,35975723
2022-08-16,SPY,427.73,431.73,426.88,429.7,429.7,40141474
2022-08-17,SPY,425.95,429.5,424.54,426.65,426.65,42565573
2022-08-18,SPY,426.86,428.61,425.5,427.89,427.89,32654977
2022-08-19,SPY,424.98,425.26,421.22,422.14,422.14,45147599
2022-08-22,SPY,417.05,417.23,412.4,413.35,413.35,48071786
2022-08-23,SPY,412.9,415.42,411.77,412.35,412.35,37245578
2022-08-24,SPY,412.14,415.12,411.39,413.67,413.67,33430664
2022-08-25,SPY,415.25,419.56,414.09,419.51,419.51,34747138
2022-08-26,SPY,419.39,419.96,405.25,405.31,405.31,68795373
2022-08-29,SPY,402.2,405.84,401.19,402.63,402.63,46718895
2022-08-30,SPY,403.85,404.1,396.0,398.21,398.21,60435972
2022-08-31,SPY,399.93,401.24,395.04,395.18,395.18,49094861
2022-09-01,SPY,392.89,396.78,390.04,396.42,396.42,58379714
2022-09-02,SPY,400.29,401.56,390.33,392.24,392.24,67707763
2022-09-06,SPY,393.1,394.12,388.42,390.76,390.76,56622532
2022-09-07,SPY,390.43,398.59,390.2,397.78,397.78,51385953
2022-09-08,SPY,395.3,400.86,394.12,400.38,400.38,56720121
2022-09-09,SPY,402.74,407.51,402.46,406.6,406.6,51801947
2022-09-12,SPY,408.78,411.73,408.46,410.97,410.97,47861178
2022-09-13,SPY,401.82,403.1,391.92,393.1,393.1,72990949
2022-09-14,SPY,394.46,396.2,391.12,394.6,394.6,50264924
2022-09-15,SPY,392.96,395.96,388.78,390.12,390.12,57710538
2022-09-16,SPY,384.14,386.25,382.11,385.56,385.56,62731612
2022-09-19,SPY,382.26,388.55,382.17,388.55,388.55,47850494
2022-09-20,SPY,385.05,386.12,381.19,384.09,384.09,55009298
2022-09-21,SPY,386.11,389.31,377.39,377.39,377.39,78061340
2022-09-22,SPY,376.58,377.66,373.44,374.22,374.22,59215647
2022-09-23,SPY,370.58,370.62,363.29,367.95,367.95,80890248
2022-09-26,SPY,366.43,370.21,363.02,364.31,364.31,65291282
2022-09-27,SPY,368.02,370.4,360.87,363.38,363.38,75546025
2022-09-28,SPY,364.38,372.3,362.6,370.53,370.53,69533435
2022-09-29,SPY,366.81,367.11,359.7,362.79,362.79,80869948
2022-09-30,SPY,361.8,365.91,357.11,357.18,357.18,86079690
2022-10-03,SPY,361.08,368.55,359.21,366.61,366.61,63317976
2022-10-04,SPY,372.4,377.99,372.31,377.97,377.97,70100362
2022-10-05,SPY,373.39,379.46,370.95,377.09,377.09,63673744
2022-10-06,SPY,375.62,378.72,372.68,373.2,373.2,59646353
2022-10-07,SPY,368.97,369.37,360.94,362.79,362.79,70618197
2022-10-10,SPY,363.97,364.21,357.67,360.02,360.02,54184212
2022-10-11,SPY,358.26,363.03,355.71,357.74,357.74,69580886
2022-10-12,SPY,358.17,359.82,356.3,356.56,356.56,52396583
2022-10-13,SPY,349.23,367.51,348.11,365.97,365.97,105083175
2022-10-14,SPY,368.53,370.26,356.96,357.63,357.63,83865260
2022-10-17,SPY,364.0,367.98,363.97,366.82,366.82,64220023
2022-10-18,SPY,375.13,375.45,367.52,371.13,371.13,71174708
2022-10-19,SPY,368.98,371.85,365.55,368.5,368.5,55551779
2022-10-20,SPY,368.01,372.67,364.61,365.41,365.41,62072741
2022-10-21,SPY,365.12,374.8,363.54,374.29,374.29,73187795
2022-10-24,SPY,375.9,380.06,373.11,378.87,378.87,58144708
2022-10-25,SPY,378.79,385.25,378.71,384.92,384.92,56956632
2022-10-26,SPY,381.61,387.58,381.35,382.02,382.02,64857144
2022-10-27,SPY,383.08,385.0,379.33,379.98,379.98,54339655
2022-10-28,SPY,379.88,389.52,379.68,389.02,389.02,61297741
2022-10-31,SPY,386.44,388.4,385.26,386.21,386.21,59662273
2022-11-01,SPY,390.14,390.39,383.29,384.52,384.52,58282057
2022-11-02,SPY,383.9,388.63,374.84,374.87,374.87,87591747
2022-11-03,SPY,371.47,374.2,368.79,371.01,371.01,56067635
2022-11-04,SPY,377.0,378.87,370.0,376.35,376.35,67248862
2022-11-07,SPY,377.71,380.57,375.53,379.95,379.95,45863185
2022-11-08,SPY,381.11,385.12,377.72,382.0,382.0,61632252
2022-11-09,SPY,379.85,381.14,373.61,374.13,374.13,53922676
2022-11-10,SPY,388.03,395.04,385.64,394.69,394.69,88413921
2022-11-11,SPY,395.59,399.35,393.61,398.51,398.51,59476709
2022-11-14,SPY,396.66,400.18,394.83,395.12,395.12,46976294
2022-11-15,SPY,401.15,402.31,394.49,398.49,398.49,63035726
2022-11-16,SPY,396.78,397.78,394.79,395.45,395.45,45409097
2022-11-17,SPY,390.46,394.95,390.14,394.24,394.24,49485700
2022-11-18,SPY,397.73,397.81,393.04,396.03,396.03,52623402
2022-11-21,SPY,394.64,395.82,392.66,394.59,394.59,35300657
2022-11-22,SPY,396.63,400.07,395.15,399.9,399.9,39561138
2022-11-23,SPY,399.55,402.93,399.31,402.42,402.42,46826342
2022-11-25,SPY,401.83,402.91,401.53,402.33,402.33,15855186
2022-11-28,SPY,399.09,400.81,395.11,395.91,395.91,43255821
2022-11-29,SPY,396.05,397.3,393.3,395.23,395.23,38807584
2022-11-30,SPY,395.46,407.68,393.48,407.68,407.68,85975728
2022-12-01,SPY,408.8,410.0,404.75,407.38,407.38,53032620
2022-12-02,SPY,402.24,407.86,402.14,406.91,406.91,51395358
2022-12-05,SPY,403.95,404.93,398.17,399.59,399.59,50124810
2022-12-06,SPY,399.42,399.99,391.64,393.83,393.83,56200659
2022-12-07,SPY,392.9,395.64,391.97,393.16,393.16,42733192
2022-12-08,SPY,395.14,397.36,393.45,396.24,396.24,40461641
2022-12-09,SPY,394.94,397.62,393.15,393.28,393.28,45823796
2022-12-12,SPY,394.1,398.95,393.41,398.95,398.95,43062136
2022-12-13,SPY,410.2,410.49,399.07,401.97,401.97,80385176
2022-12-14,SPY,401.61,405.5,396.31,399.4,399.4,71005862
2022-12-15,SPY,394.31,395.25,387.88,389.63,389.63,75648808
2022-12-16,SPY,385.19,386.58,381.04,383.27,383.27,67820459
2022-12-19,SPY,383.47,383.82,378.28,380.02,380.02,51385658
2022-12-20,SPY,379.23,382.23,377.85,380.54,380.54,47105347
2022-12-21,SPY,383.25,387.41,382.69,386.23,386.23,45393869
2022-12-22,SPY,383.05,383.38,374.77,380.72,380.72,66579938
2022-12-23,SPY,379.65,383.06,378.03,382.91,382.91,36892818
2022-12-27,SPY,382.79,383.15,379.65,381.4,381.4,35492376
2022-12-28,SPY,381.34,383.39,376.42,376.66,376.66,45541867
2022-12-29,SPY,379.63,384.35,379.08,383.44,383.44,43276820
2022-12-30,SPY,380.64,382.53,378.43,382.43,382.43,50735120
2023-01-03,SPY,384.37,386.43,377.83,380.82,380.82,49028408
2023-01-04,SPY,383.18,385.88,380.0,383.76,383.76,59509213
2023-01-05,SPY,381.72,381.84,378.76,379.38,379.38,50592240
2023-01-06,SPY,382.61,389.25,379.45,388.08,388.08,67788657
2023-01-09,SPY,390.37,393.7,387.67,387.86,387.86,53616268
2023-01-10,SPY,387.25,390.65,386.27,390.58,390.58,42129908
2023-01-11,SPY,392.23,395.6,391.38,395.52,395.52,44546421
2023-01-12,SPY,396.67,398.49,392.42,396.96,396.96,60874160
2023-01-13,SPY,393.62,399.1,393.34,398.5,398.5,44005865
2023-01-17,SPY,398.48,400.23,397.06,397.77,397.77,43668430
2023-01-18,SPY,399.03,400.12,391.28,391.49,391.49,65820583
2023-01-19,SPY,389.35,391.08,387.26,388.64,388.64,59735951
2023-01-20,SPY,390.09,396.04,388.38,395.88,395.88,54559167
2023-01-23,SPY,396.72,402.65,395.72,400.63,400.63,57007796
2023-01-24,SPY,398.88,401.15,397.64,400.2,400.2,40343678
2023-01-25,SPY,395.95,400.7,393.56,400.35,400.35,59716264
2023-01-26,SPY,403.12,404.92,400.03,404.75,404.75,47408652
2023-01-27,SPY,403.65,408.16,403.44,405.68,405.68,46776781
2023-01-30,SPY,402.8,405.13,400.28,400.59,400.59,49689031
2023-01-31,SPY,401.11,406.53,400.77,406.48,406.48,51546853
2023-02-01,SPY,405.21,413.67,402.35,410.8,410.8,74154479
2023-02-02,SPY,414.86,418.31,412.88,416.78,416.78,70137165
2023-02-03,SPY,411.59,416.97,411.09,412.35,412.35,59024297
2023-02-06,SPY,409.79,411.29,408.1,409.83,409.83,41912478
2023-02-07,SPY,408.87,416.49,407.57,415.19,415.19,65527166
2023-02-08,SPY,413.13,414.53,409.93,410.65,410.65,53121334
2023-02-09,SPY,414.41,414.57,405.81,407.09,407.09,58186222
2023-02-10,SPY,405.88,408.44,405.01,408.04,408.04,50793032
2023-02-13,SPY,408.72,412.97,408.24,412.83,412.83,45120105
2023-02-14,SPY,411.24,415.05,408.51,412.64,412.64,64108660
2023-02-15,SPY,410.36,414.0,409.47,413.98,413.98,41926842
2023-02-16,SPY,408.79,412.91,408.14,408.28,408.28,58945055
2023-02-17,SPY,406.06,407.51,404.05,407.26,407.26,58488250
2023-02-21,SPY,403.06,404.16,398.82,399.09,399.09,55836701
2023-02-22,SPY,399.51,401.13,397.02,398.54,398.54,60220159
2023-02-23,SPY,401.56,402.2,396.25,400.66,400.66,73732931
2023-02-24,SPY,395.41,397.25,393.64,396.38,396.38,79686770
2023-02-27,SPY,399.86,401.29,396.75,397.73,397.73,60214992
2023-02-28,SPY,397.23,399.28,396.18,396.26,396.26,61383827
2023-03-01,SPY,395.41,396.69,393.38,394.74,394.74,69763649
2023-03-02,SPY,392.69,398.69,392.33,397.81,397.81,63313179
2023-03-03,SPY,399.71,404.45,399.03,404.19,404.19,63788472
2023-03-06,SPY,405.04,407.45,404.03,404.47,404.47,53664745
2023-03-07,SPY,404.42,404.67,397.62,398.27,398.27,79467673
2023-03-08,SPY,398.39,399.71,396.59,398.92,398.92,57034645
2023-03-09,SPY,399.76,401.48,390.53,391.56,391.56,84627097
2023-03-10,SPY,390.99,393.16,384.32,385.91,385.91,129405708
2023-03-13,SPY,381.81,390.39,380.65,385.36,385.36,105046926
2023-03-14,SPY,390.5,393.45,387.05,391.73,391.73,102095316
2023-03-15,SPY,385.87,389.49,383.71,389.28,389.28,116873951
2023-03-16,SPY,386.82,396.47,386.29,396.11,396.11,99944029
2023-03-17,SPY,393.22,394.4,388.55,389.99,389.99,85109108
2023-03-20,SPY,390.79,394.17,390.07,393.74,393.74,67078705
2023-03-21,SPY,397.26,399.41,395.58,398.91,398.91,59691569
2023-03-22,SPY,398.73,402.49,392.07,392.11,392.11,80852994
2023-03-23,SPY,395.08,399.29,390.35,393.17,393.17,87262027
2023-03-24,SPY,391.84,395.84,389.4,395.75,395.75,75309872
2023-03-27,SPY,398.11,398.92,395.56,396.49,396.49,53027027
2023-03-28,SPY,395.77,396.49,393.69,395.6,395.6,45670084
2023-03-29,SPY,399.92,401.6,398.68,401.35,401.35,54162278
2023-03-30,SPY,404.09,404.35,401.76,403.7,403.7,50913002
2023-03-31,SPY,404.65,409.7,404.55,409.39,409.39,69034168
2023-04-03,SPY,408.86,411.37,408.44,410.95,410.95,49346284
2023-04-04,SPY,411.61,411.92,407.24,408.67,408.67,49930659
2023-04-05,SPY,407.89,408.7,405.88,407.6,407.6,48246124
2023-04-06,SPY,406.77,409.48,405.67,409.19,409.19,45289786
2023-04-10,SPY,406.6,409.69,405.97,409.61,409.61,45266872
2023-04-11,SPY,410.27,411.18,408.92,409.72,409.72,38926069
2023-04-12,SPY,411.87,412.17,407.44,408.05,408.05,62296137
2023-04-13,SPY,409.24,413.84,408.7,413.47,413.47,57561217
2023-04-14,SPY,412.82,415.09,410.06,412.46,412.46,57085596
2023-04-17,SPY,412.37,413.96,411.08,413.94,413.94,47164498
2023-04-18,SPY,415.58,415.72,412.78,414.21,414.21,47169745
2023-04-19,SPY,412.22,415.08,412.16,414.14,414.14,41996976
2023-04-20,SPY,411.21,413.7,410.27,411.88,411.88,56287776
2023-04-21,SPY,412.2,412.68,410.17,412.2,412.2,49495869
2023-04-24,SPY,411.99,413.07,410.6,412.63,412.63,44371898
2023-04-25,SPY,410.59,411.16,406.02,406.08,406.08,61816687
2023-04-26,SPY,406.72,407.84,403.78,404.36,404.36,56829217
2023-04-27,SPY,406.99,412.69,406.74,412.41,412.41,64226762
2023-04-28,SPY,411.49,415.94,411.43,415.93,415.93,61627777
2023-05-01,SPY,415.47,417.62,415.26,415.51,415.51,46378129
2023-05-02,SPY,414.77,414.83,407.82,410.84,410.84,76688023
2023-05-03,SPY,411.36,413.87,407.77,408.02,408.02,69251328
2023-05-04,SPY,406.93,407.27,403.74,405.13,405.13,67813299
2023-05-05,SPY,408.91,413.72,408.64,412.63,412.63,58704483
2023-05-08,SPY,412.96,413.24,411.28,412.74,412.74,38470811
2023-05-09,SPY,411.13,412.09,410.68,410.93,410.93,34319788
2023-05-10,SPY,413.89,414.54,408.87,412.85,412.85,67640835
2023-05-11,SPY,411.94,412.43,409.97,412.13,412.13,50024254
2023-05-12,SPY,413.41,413.64,409.07,411.59,411.59,49041591
2023-05-15,SPY,412.22,413.43,410.23,413.01,413.01,40098653
2023-05-16,SPY,411.86,412.82,410.24,410.25,410.25,41570014
2023-05-17,SPY,412.35,415.86,410.63,415.23,415.23,58934765
2023-05-18,SPY,414.9,419.67,414.67,419.23,419.23,64204869
2023-05-19,SPY,420.17,420.72,417.35,418.62,418.62,60940152
2023-05-22,SPY,418.64,420.39,417.35,418.79,418.79,45496191
2023-05-23,SPY,417.08,418.13,413.68,414.09,414.09,58850122
2023-05-24,SPY,412.42,412.82,409.87,411.09,411.09,61675346
2023-05-25,SPY,414.73,416.16,412.41,414.65,414.65,61324273
2023-05-26,SPY,415.33,420.77,415.25,420.02,420.02,59336655
2023-05-30,SPY,422.03,422.58,418.73,420.18,420.18,53210048
2023-05-31,SPY,418.28,419.22,416.22,417.85,417.85,64288815
2023-06-01,SPY,418.09,422.92,416.79,421.82,421.82,64832463
2023-06-02,SPY,424.5,428.74,423.95,427.92,427.92,63771887
2023-06-05,SPY,428.29,429.67,426.37,427.1,427.1,48684125
2023-06-06,SPY,426.67,428.58,425.99,428.03,428.03,46036519
2023-06-07,SPY,428.44,429.62,426.11,426.55,426.55,58883796
2023-06-08,SPY,426.62,429.6,425.82,429.13,429.13,44997763
2023-06-09,SPY,429.96,431.99,428.87,429.9,429.9,55499689
2023-06-12,SPY,430.92,433.88,430.17,433.8,433.8,50527298
2023-06-13,SPY,435.32,437.33,434.63,436.66,436.66,61425180
2023-06-14,SPY,437.01,439.07,433.59,437.18,437.18,67747700
2023-06-15,SPY,436.32,443.9,436.23,442.6,442.6,73610782
2023-06-16,SPY,443.01,443.18,438.97,439.46,439.46,61982150
2023-06-20,SPY,437.46,438.37,435.03,437.18,437.18,52884930
2023-06-21,SPY,436.19,436.99,434.33,434.94,434.94,53589202
2023-06-22,SPY,433.95,436.62,433.6,436.51,436.51,45651570
2023-06-23,SPY,432.93,435.06,432.47,433.21,433.21,56956169
2023-06-26,SPY,432.63,434.61,431.19,431.44,431.44,49941009
2023-06-27,SPY,432.35,436.81,431.88,436.17,436.17,49901012
2023-06-28,SPY,435.05,437.44,434.41,436.39,436.39,54486526
2023-06-29,SPY,435.95,438.28,435.54,438.11,438.11,47311564
2023-06-30,SPY,441.44,444.3,441.11,443.28,443.28,66231865
2023-07-03,SPY,442.92,444.08,442.63,443.79,443.79,22408491
2023-07-05,SPY,441.9,443.89,441.9,443.13,443.13,36937110
2023-07-06,SPY,439.41,440.1,437.06,439.66,439.66,56394272
2023-07-07,SPY,438.63,442.64,438.3,438.55,438.55,56302814
2023-07-10,SPY,438.18,439.84,437.58,439.66,439.66,40565617
2023-07-11,SPY,440.45,442.97,439.44,442.46,442.46,45348113
2023-07-12,SPY,446.39,447.48,444.91,446.02,446.02,58679696
2023-07-13,SPY,447.89,450.38,447.45,449.56,449.56,44583111
2023-07-14,SPY,450.48,451.36,448.49,449.28,449.28,46914591
2023-07-17,SPY,449.13,451.93,449.08,450.84,450.84,35662797
2023-07-18,SPY,450.5,454.86,450.04,454.19,454.19,53548790
2023-07-19,SPY,455.02,456.43,454.37,455.2,455.2,46335015
2023-07-20,SPY,454.16,455.1,451.44,452.18,452.18,51230891
2023-07-21,SPY,453.96,454.17,452.17,452.18,452.18,45168911
2023-07-24,SPY,453.37,455.04,452.75,454.2,454.2,36479882
2023-07-25,SPY,453.92,456.74,453.87,455.44,455.44,36738915
2023-07-26,SPY,454.47,456.99,453.38,455.51,455.51,51178350
2023-07-27,SPY,459.02,459.44,451.55,452.49,452.49,65433195
2023-07-28,SPY,455.88,457.78,455.06,456.92,456.92,54878003
2023-07-31,SPY,457.41,458.16,456.04,457.79,457.79,40550579
2023-08-01,SPY,456.27,457.25,455.49,456.48,456.48,36966552
2023-08-02,SPY,453.25,453.52,449.34,450.13,450.13,62267330
2023-08-03,SPY,448.04,450.79,447.37,448.84,448.84,46582610
2023-08-04,SPY,450.72,452.9,446.27,446.81,446.81,66110933
2023-08-07,SPY,448.71,450.87,447.99,450.71,450.71,41147142
2023-08-08,SPY,448.08,449.23,445.27,448.75,448.75,50475526
2023-08-09,SPY,449.03,449.2,444.97,445.75,445.75,57631408
2023-08-10,SPY,448.19,451.7,444.7,445.91,445.91,70212696
2023-08-11,SPY,443.97,446.71,443.34,445.65,445.65,50501975
2023-08-14,SPY,444.7,448.11,444.38,448.11,448.11,36177471
2023-08-15,SPY,446.27,446.64,442.3,442.89,442.89,53225349
2023-08-16,SPY,442.46,444.18,439.53,439.64,439.64,55528378
2023-08-17,SPY,441.16,441.43,435.75,436.29,436.29,59054995
2023-08-18,SPY,433.37,437.57,433.01,436.5,436.5,63015289
2023-08-21,SPY,437.55,440.11,435.32,439.34,439.34,51088928
2023-08-22,SPY,441.17,441.18,437.57,438.15,438.15,47078216
2023-08-23,SPY,439.25,443.67,439.1,443.03,443.03,46542471
2023-08-24,SPY,444.69,445.22,436.85,436.89,436.89,68344119
2023-08-25,SPY,438.68,441.3,435.0,439.97,439.97,78066446
2023-08-28,SPY,442.24,443.4,440.86,442.76,442.76,47647137
2023-08-29,SPY,442.65,449.45,442.46,449.16,449.16,63356770
2023-08-30,SPY,449.53,451.67,448.78,451.01,451.01,51158303
2023-08-31,SPY,451.65,452.83,450.16,450.35,450.35,46231176
2023-09-01,SPY,453.17,453.67,449.68,451.19,451.19,42300135
2023-09-05,SPY,450.74,451.06,449.17,449.24,449.24,41074762
2023-09-06,SPY,448.4,448.51,443.81,446.22,446.22,53889875
2023-09-07,SPY,443.11,445.55,442.75,444.85,444.85,49579812
2023-09-08,SPY,444.9,447.11,444.53,445.52,445.52,41953870
2023-09-11,SPY,448.24,448.77,446.46,448.45,448.45,43376834
2023-09-12,SPY,446.95,448.53,445.39,445.99,445.99,46237990
2023-09-13,SPY,446.22,447.71,445.07,446.51,446.51,44703821
2023-09-14,SPY,449.07,451.08,447.71,450.36,450.36,52755780
2023-09-15,SPY,447.15,447.48,442.92,443.37,443.37,72657508
2023-09-18,SPY,443.05,444.97,442.56,443.63,443.63,38748082
2023-09-19,SPY,442.68,443.29,439.94,442.71,442.71,45945133
2023-09-20,SPY,444.01,444.44,438.43,438.64,438.64,54860547
2023-09-21,SPY,435.7,435.97,431.23,431.39,431.39,72854881
2023-09-22,SPY,432.46,434.1,429.99,430.42,430.42,70183897
2023-09-25,SPY,429.16,432.27,428.72,432.23,432.23,49960920
2023-09-26,SPY,429.09,429.82,425.02,425.88,425.88,68402915
2023-09-27,SPY,427.09,427.67,422.29,426.05,426.05,76587288
2023-09-28,SPY,425.48,430.25,424.87,428.52,428.52,67116177
2023-09-29,SPY,431.69,431.85,425.91,427.48,427.48,83400264
2023-10-02,SPY,426.62,428.6,424.46,427.31,427.31,68143155
2023-10-03,SPY,425.06,426.65,420.18,421.59,421.59,80876181
2023-10-04,SPY,422.07,425.43,420.56,424.66,424.66,68287688
2023-10-05,SPY,424.36,425.37,421.17,424.5,424.5,53773588
2023-10-06,SPY,421.97,431.13,420.6,429.54,429.54,84162179
2023-10-09,SPY,427.58,432.88,427.01,432.29,432.29,55843263
2023-10-10,SPY,432.94,437.22,432.53,434.54,434.54,61648944
2023-10-11,SPY,435.65,436.58,433.18,436.32,436.32,47367262
2023-10-12,SPY,436.95,437.34,431.23,433.66,433.66,64063130
2023-10-13,SPY,435.21,436.45,429.88,431.5,431.5,69441303
2023-10-16,SPY,433.81,437.14,433.57,436.04,436.04,57547685
2023-10-17,SPY,432.81,438.14,432.45,436.02,436.02,60264043
2023-10-18,SPY,434.19,435.18,429.09,430.21,430.21,73566174
2023-10-19,SPY,430.95,432.82,425.72,426.43,426.43,96340440
2023-10-20,SPY,425.98,426.54,421.08,421.19,421.19,82719701
2023-10-23,SPY,419.61,424.45,417.8,420.46,420.46,70907607
2023-10-24,SPY,422.64,424.82,420.74,423.63,423.63,58396371
2023-10-25,SPY,421.89,421.92,417.01,417.55,417.55,71600746
2023-10-26,SPY,416.45,417.33,411.6,412.55,412.55,86400220
2023-10-27,SPY,414.19,414.6,409.21,410.68,410.68,80053675
2023-10-30,SPY,413.54,416.68,412.22,415.59,415.59,64208226
2023-10-31,SPY,416.18,418.53,414.21,418.2,418.2,57707252
2023-11-01,SPY,419.2,423.5,418.64,422.66,422.66,75371740
2023-11-02,SPY,426.58,430.92,426.56,430.76,430.76,64937441
2023-11-03,SPY,433.11,436.29,433.01,434.69,434.69,67162720
2023-11-06,SPY,435.47,436.15,433.68,435.69,435.69,49020302
2023-11-07,SPY,435.69,437.59,434.51,436.93,436.93,47244839
2023-11-08,SPY,437.53,438.09,434.87,437.25,437.25,45886850
2023-11-09,SPY,438.42,438.47,433.4,433.84,433.84,60463716
2023-11-10,SPY,435.98,440.93,434.43,440.61,440.61,62365055
2023-11-13,SPY,439.22,441.33,438.42,440.19,440.19,36808522
2023-11-14,SPY,446.33,450.06,446.09,448.73,448.73,68330091
2023-11-15,SPY,450.09,451.38,448.8,449.68,449.68,54774192
2023-11-16,SPY,449.22,450.56,448.12,450.23,450.23,48073716
2023-11-17,SPY,450.24,451.42,449.29,450.79,450.79,40847108
2023-11-20,SPY,450.52,455.13,450.52,454.26,454.26,49440401
2023-11-21,SPY,453.18,453.65,451.95,453.27,453.27,36915210
2023-11-22,SPY,454.98,456.38,453.88,455.02,455.02,44696277
2023-11-24,SPY,455.07,455.5,454.73,455.3,455.3,14165090
2023-11-27,SPY,454.65,455.5,454.07,454.48,454.48,34831557
2023-11-28,SPY,454.08,456.27,453.5,454.93,454.93,44573904
2023-11-29,SPY,457.15,458.32,454.2,454.61,454.61,44905834
2023-11-30,SPY,455.49,456.76,453.34,456.4,456.4,54412838
2023-12-01,SPY,455.75,459.65,455.16,459.1,459.1,58552437
2023-12-04,SPY,455.6,456.94,454.34,456.69,456.69,53235152
2023-12-05,SPY,455.26,457.59,454.87,456.6,456.6,48680237
2023-12-06,SPY,458.81,458.84,454.31,454.76,454.76,47090030
2023-12-07,SPY,456.91,458.9,456.29,458.23,458.23,46152502
2023-12-08,SPY,457.46,460.75,457.21,460.2,460.2,53323744
2023-12-11,SPY,459.69,462.17,459.47,461.99,461.99,43579280
2023-12-12,SPY,461.64,464.2,460.6,464.1,464.1,41385536
2023-12-13,SPY,464.49,470.76,464.12,470.5,470.5,66153412
2023-12-14,SPY,472.51,473.73,469.25,472.01,472.01,69128621
2023-12-15,SPY,469.48,470.59,468.44,469.33,469.33,68026020
2023-12-18,SPY,470.99,472.98,470.8,471.97,471.97,42237031
2023-12-19,SPY,472.54,474.92,472.45,474.84,474.84,37488923
2023-12-20,SPY,473.96,475.9,467.82,468.26,468.26,67379298
2023-12-21,SPY,471.32,472.98,468.84,472.7,472.7,57766070
2023-12-22,SPY,473.86,475.38,471.7,473.65,473.65,44344028
2023-12-26,SPY,474.08,476.58,473.99,475.65,475.65,31410630
2023-12-27,SPY,475.44,476.66,474.89,476.51,476.51,39491181
2023-12-28,SPY,476.85,477.55,476.26,476.69,476.69,34599760
2023-12-29,SPY,476.5,477.03,473.3,475.31,475.31,68237637
2024-01-02,SPY,472.16,473.67,470.49,472.65,472.65,69457772
2024-01-03,SPY,470.42,471.19,468.17,468.79,468.79,67745162
2024-01-04,SPY,468.3,470.96,467.05,467.28,467.28,53246771
2024-01-05,SPY,467.49,470.44,466.43,467.92,467.92,57716770
2024-01-08,SPY,468.43,474.75,468.3,474.6,474.6,55140467
2024-01-09,SPY,471.87,474.93,471.35,473.88,473.88,44558846
2024-01-10,SPY,474.16,477.45,473.87,476.56,476.56,45701740
2024-01-11,SPY,477.58,478.12,472.26,476.35,476.35,55253456
2024-01-12,SPY,477.84,478.6,475.23,476.68,476.68,43337438
2024-01-16,SPY,475.25,476.61,473.06,474.93,474.93,58542035
2024-01-17,SPY,471.82,472.79,469.87,472.29,472.29,51285707
2024-01-18,SPY,474.0,477.06,472.42,476.49,476.49,58724921
2024-01-19,SPY,477.65,482.72,476.94,482.43,482.43,63634619
2024-01-22,SPY,484.01,485.22,482.78,483.45,483.45,51196456
2024-01-23,SPY,484.02,485.11,482.89,484.86,484.86,33969296
2024-01-24,SPY,487.81,488.77,485.01,485.39,485.39,59531749
2024-01-25,SPY,487.56,488.31,485.39,488.03,488.03,52184423
2024-01-26,SPY,487.59,489.12,486.54,487.41,487.41,46297282
2024-01-29,SPY,487.73,491.42,487.17,491.27,491.27,39389350
2024-01-30,SPY,490.56,491.62,490.11,490.89,490.89,40336198
2024-01-31,SPY,488.62,489.09,482.88,482.88,482.88,83074649
2024-02-01,SPY,484.63,489.23,483.8,489.2,489.2,62991503
2024-02-02,SPY,489.66,496.05,489.3,494.35,494.35,66015905
2024-02-05,SPY,493.71,494.17,490.23,492.55,492.55,49066713
2024-02-06,SPY,493.52,494.32,492.05,493.98,493.98,40486511
2024-02-07,SPY,496.28,498.53,495.36,498.1,498.1,48225524
2024-02-08,SPY,498.1,498.71,497.26,498.32,498.32,36280935
2024-02-09,SPY,498.86,501.65,498.49,501.2,501.2,43361592
2024-02-12,SPY,501.17,503.5,500.24,500.98,500.98,37243193
2024-02-13,SPY,494.51,495.85,490.71,494.08,494.08,76194066
2024-02-14,SPY,496.79,499.07,494.4,498.57,498.57,50797012
2024-02-15,SPY,499.3,502.2,498.79,502.01,502.01,44618155
2024-02-16,SPY,501.71,502.87,498.75,499.51,499.51,47052816
2024-02-20,SPY,497.72,498.41,494.45,496.76,496.76,52546904
2024-02-21,SPY,495.42,497.37,493.56,497.21,497.21,39128665
2024-02-22,SPY,504.0,508.49,503.02,507.5,507.5,57200049
2024-02-23,SPY,509.25,510.13,507.1,507.85,507.85,42494308
2024-02-26,SPY,508.3,508.75,505.86,505.99,505.99,35105439
2024-02-27,SPY,506.69,507.16,504.75,506.93,506.93,32671568
2024-02-28,SPY,505.33,506.86,504.96,506.26,506.26,36139305
2024-02-29,SPY,508.07,509.74,505.35,508.08,508.08,51996833
2024-03-01,SPY,508.98,513.29,508.56,512.85,512.85,47559104
2024-03-04,SPY,512.04,514.2,512.0,512.3,512.3,35154342
2024-03-05,SPY,510.24,510.7,504.91,507.18,507.18,52160140
2024-03-06,SPY,510.55,512.07,508.42,509.75,509.75,50182109
2024-03-07,SPY,513.11,515.89,512.18,514.81,514.81,42087293
2024-03-08,SPY,515.46,518.23,511.13,511.72,511.72,61982742
2024-03-11,SPY,510.48,511.88,508.5,511.28,511.28,41169884
2024-03-12,SPY,513.45,517.38,510.86,516.78,516.78,50599533
2024-03-13,SPY,517.11,517.29,514.49,515.97,515.97,37006170
2024-03-14,SPY,516.97,517.13,511.82,514.95,514.95,67831791
2024-03-15,SPY,510.22,511.7,508.36,509.83,509.83,56605532
2024-03-18,SPY,513.98,515.48,512.44,512.86,512.86,50451925
2024-03-19,SPY,512.15,516.0,511.12,515.71,515.71,41071940
2024-03-20,SPY,515.78,520.62,515.08,520.48,520.48,48099539
2024-03-21,SPY,523.38,524.11,521.91,522.2,522.2,40634350
2024-03-22,SPY,522.11,522.61,520.97,521.21,521.21,40828466
2024-03-25,SPY,519.79,520.95,519.61,519.77,519.77,31749127
2024-03-26,SPY,521.23,521.58,518.4,518.81,518.81,36708647
2024-03-27,SPY,521.71,523.2,519.48,523.17,523.17,46616204
2024-03-28,SPY,523.21,524.61,522.78,523.07,523.07,45465086
2024-04-01,SPY,523.83,524.38,520.97,522.16,522.16,33089346
2024-04-02,SPY,518.25,518.98,516.48,518.84,518.84,48124424
2024-04-03,SPY,517.72,520.95,517.66,519.41,519.41,41425774
2024-04-04,SPY,523.52,523.87,512.75,513.07,513.07,69514493
2024-04-05,SPY,514.43,520.44,514.01,518.43,518.43,54447955
2024-04-08,SPY,519.18,520.18,517.89,518.72,518.72,34014046
2024-04-09,SPY,520.5,520.75,514.35,519.32,519.32,44374657
2024-04-10,SPY,513.48,516.16,512.09,514.12,514.12,58802545
2024-04-11,SPY,515.68,519.48,512.08,518.0,518.0,49910945
2024-04-12,SPY,514.38,515.82,509.08,510.85,510.85,65705357
2024-04-15,SPY,515.13,515.3,503.58,504.45,504.45,66582860
2024-04-16,SPY,504.94,506.5,502.21,503.53,503.53,56202893
2024-04-17,SPY,506.05,506.22,499.12,500.55,500.55,56304000
2024-04-18,SPY,501.98,504.13,498.56,499.52,499.52,50394477
2024-04-19,SPY,499.44,500.46,493.86,495.16,495.16,64121112
2024-04-22,SPY,497.84,502.38,495.43,499.72,499.72,49739525
2024-04-23,SPY,501.79,506.09,501.22,505.65,505.65,44170115
2024-04-24,SPY,506.56,507.37,503.13,505.41,505.41,38237195
2024-04-25,SPY,499.19,504.27,497.49,503.49,503.49,47342208
2024-04-26,SPY,506.35,509.88,505.7,508.26,508.26,39324749
2024-04-29,SPY,510.08,510.75,507.25,510.06,510.06,32006704
2024-04-30,SPY,508.56,509.56,501.98,501.98,501.98,48318131
2024-05-01,SPY,501.38,508.19,499.86,500.35,500.35,59627123
2024-05-02,SPY,504.15,505.89,499.55,505.03,505.03,46714423
2024-05-03,SPY,511.16,512.55,508.56,511.29,511.29,49525350
2024-05-06,SPY,513.75,516.61,513.3,516.57,516.57,31971447
2024-05-07,SPY,517.55,518.57,516.45,517.14,517.14,35884641
2024-05-08,SPY,515.25,517.74,515.14,517.19,517.19,28405104
2024-05-09,SPY,517.38,520.21,516.7,520.17,520.17,31989097
2024-05-10,SPY,521.81,522.64,519.59,520.84,520.84,33998102
2024-05-13,SPY,522.56,522.67,519.74,520.91,520.91,25940155
2024-05-14,SPY,521.1,523.83,520.56,523.3,523.3,34867860
2024-05-15,SPY,525.83,530.08,525.18,529.78,529.78,40247931
2024-05-16,SPY,529.87,531.53,528.54,528.69,528.69,34390327
2024-05-17,SPY,528.82,529.52,527.32,529.45,529.45,31297430
2024-05-20,SPY,529.57,531.57,529.17,530.06,530.06,23167404
2024-05-21,SPY,529.28,531.52,529.07,531.36,531.36,20117858
2024-05-22,SPY,530.66,531.38,527.6,529.83,529.83,28076503
2024-05-23,SPY,532.97,533.07,524.72,525.96,525.96,37168571
2024-05-24,SPY,527.85,530.27,526.88,529.44,529.44,24983257
2024-05-28,SPY,530.26,530.51,527.11,529.81,529.81,23053467
2024-05-29,SPY,525.68,527.31,525.37,526.1,526.1,27344650
2024-05-30,SPY,524.52,525.2,521.33,522.61,522.61,27648505
2024-05-31,SPY,523.58,527.49,518.36,527.37,527.37,51132659
2024-06-03,SPY,529.02,529.31,522.6,527.8,527.8,30672499
2024-06-04,SPY,526.46,529.15,524.96,528.39,528.39,25050991
2024-06-05,SPY,530.77,534.69,528.72,534.67,534.67,29829983
2024-06-06,SPY,534.98,535.42,532.68,534.66,534.66,21254659
2024-06-07,SPY,533.66,536.89,532.53,534.01,534.01,24917746
2024-06-10,SPY,533.18,535.99,532.57,535.66,535.66,24594086
2024-06-11,SPY,534.1,537.01,532.05,536.95,536.95,24257009
2024-06-12,SPY,541.64,544.12,540.3,541.36,541.36,37681457
2024-06-13,SPY,543.14,543.33,539.59,542.45,542.45,25297472
2024-06-14,SPY,540.88,542.81,539.85,542.78,542.78,24193670
2024-06-17,SPY,542.08,548.53,541.6,547.1,547.1,30478857
2024-06-18,SPY,547.16,548.62,546.73,548.49,548.49,21525893
2024-06-20,SPY,549.44,550.12,545.18,547.0,547.0,35010858
2024-06-21,SPY,544.47,545.65,543.02,544.51,544.51,28621127
2024-06-24,SPY,544.33,546.95,542.63,542.74,542.74,26998622
2024-06-25,SPY,543.99,545.2,542.44,544.83,544.83,21149741
2024-06-26,SPY,543.69,546.24,543.03,545.51,545.51,20757384
2024-06-27,SPY,545.37,546.96,544.61,546.37,546.37,20748784
2024-06-28,SPY,547.19,550.28,542.95,544.22,544.22,42224052
2024-07-01,SPY,545.63,545.88,542.52,545.34,545.34,25073858
2024-07-02,SPY,543.7,549.01,543.65,549.01,549.01,22525791
2024-07-03,SPY,548.68,551.83,548.65,551.46,551.46,18162495
2024-07-05,SPY,551.77,555.05,551.12,554.64,554.64,23856688
2024-07-08,SPY,555.44,556.26,554.19,555.28,555.28,19402744
2024-07-09,SPY,556.26,557.18,555.52,555.82,555.82,18752227
2024-07-10,SPY,557.07,561.67,556.77,561.32,561.32,23836792
2024-07-11,SPY,561.44,562.33,555.83,556.48,556.48,32884773
2024-07-12,SPY,557.63,563.67,557.17,559.99,559.99,33820813
2024-07-15,SPY,562.05,564.84,559.63,561.53,561.53,26792686
2024-07-16,SPY,562.87,565.16,562.1,564.86,564.86,23226875
2024-07-17,SPY,558.79,560.51,556.61,556.94,556.94,32528743
2024-07-18,SPY,558.51,559.52,550.43,552.66,552.66,38220690
2024-07-19,SPY,552.42,554.08,547.91,548.99,548.99,32781342
2024-07-22,SPY,553.0,555.27,551.02,554.65,554.65,26309471
2024-07-23,SPY,554.54,556.74,553.27,553.78,553.78,20007598
2024-07-24,SPY,548.86,549.17,540.29,541.23,541.23,41605802
2024-07-25,SPY,541.35,547.46,537.45,538.41,538.41,42626059
2024-07-26,SPY,542.28,547.19,541.49,544.44,544.44,35445918
2024-07-29,SPY,546.02,547.05,542.72,544.76,544.76,23021518
2024-07-30,SPY,546.26,547.34,538.51,542.0,542.0,29696046
2024-07-31,SPY,548.98,553.5,547.57,550.81,550.81,40675637
2024-08-01,SPY,552.57,554.87,539.43,543.01,543.01,50372502
2024-08-02,SPY,535.71,536.99,528.6,532.9,532.9,53225634
2024-08-05,SPY,511.64,523.58,510.27,517.38,517.38,88990753
2024-08-06,SPY,519.22,529.75,517.87,522.15,522.15,53308500
2024-08-07,SPY,528.48,531.59,518.05,518.66,518.66,47525018
2024-08-08,SPY,523.9,531.29,521.84,530.65,530.65,40809015
2024-08-09,SPY,529.81,534.51,528.56,532.99,532.99,29832405
2024-08-12,SPY,534.22,535.73,530.95,533.27,533.27,28824149
2024-08-13,SPY,536.53,542.28,536.28,542.04,542.04,28985858
2024-08-14,SPY,542.87,544.96,540.12,543.75,543.75,27631244
2024-08-15,SPY,549.5,553.36,548.88,553.07,553.07,38869328
2024-08-16,SPY,551.42,555.02,551.26,554.31,554.31,21803630
2024-08-19,SPY,554.73,559.61,553.86,559.61,559.61,24925287
2024-08-20,SPY,559.15,560.84,557.32,558.7,558.7,21707322
2024-08-21,SPY,559.74,562.11,557.99,560.62,560.62,24932218
2024-08-22,SPY,562.56,563.18,554.98,556.22,556.22,31127798
2024-08-23,SPY,559.53,563.09,557.29,562.13,562.13,33503396
2024-08-26,SPY,563.14,563.91,559.05,560.79,560.79,22485698
2024-08-27,SPY,559.49,562.06,558.32,561.56,561.56,20178814
2024-08-28,SPY,561.21,561.65,555.04,558.3,558.3,24392623
2024-08-29,SPY,560.31,563.68,557.18,558.35,558.35,26227299
2024-08-30,SPY,560.78,564.2,557.14,563.68,563.68,34546344
2024-09-03,SPY,560.47,560.81,549.51,552.08,552.08,37916495
2024-09-04,SPY,550.2,554.43,549.46,550.95,550.95,30692051
2024-09-05,SPY,550.89,553.8,547.1,549.61,549.61,29581422
2024-09-06,SPY,549.93,551.6,539.44,540.36,540.36,43840983
2024-09-09,SPY,544.65,547.71,542.68,546.41,546.41,25582857
2024-09-10,SPY,548.36,549.15,543.38,548.79,548.79,26522663
2024-09-11,SPY,548.7,555.36,539.96,554.42,554.42,46872749
2024-09-12,SPY,555.01,559.4,552.74,559.09,559.09,31622276
2024-09-13,SPY,559.69,563.03,559.45,562.01,562.01,24438654
2024-09-16,SPY,561.74,563.11,559.9,562.84,562.84,22188955
2024-09-17,SPY,565.12,566.58,560.79,563.07,563.07,28635593
2024-09-18,SPY,563.74,568.69,560.83,561.4,561.4,36622151
2024-09-19,SPY,571.01,572.88,568.08,570.98,570.98,39304624
2024-09-20,SPY,567.84,569.31,565.17,568.25,568.25,34350308
2024-09-23,SPY,569.34,570.34,568.1,569.67,569.67,19787797
2024-09-24,SPY,570.47,571.36,567.6,571.3,571.3,25913891
2024-09-25,SPY,571.14,571.89,568.91,570.04,570.04,23887366
2024-09-26,SPY,574.4,574.71,569.9,572.3,572.3,26703251
2024-09-27,SPY,573.39,574.22,570.42,571.47,571.47,23524956
2024-09-30,SPY,570.42,574.38,568.08,573.76,573.76,32728722
2024-10-01,SPY,573.4,573.46,566.0,568.62,568.62,49762622
2024-10-02,SPY,567.71,569.9,565.27,568.86,568.86,22990597
2024-10-03,SPY,567.36,569.81,565.49,567.82,567.82,26929601
2024-10-04,SPY,572.35,573.36,568.1,572.98,572.98,28095607
2024-10-07,SPY,571.3,571.96,566.63,567.8,567.8,28735199
2024-10-08,SPY,570.44,573.78,569.52,573.17,573.17,24258353
2024-10-09,SPY,573.16,577.71,572.55,577.14,577.14,25126078
2024-10-10,SPY,575.77,577.58,574.49,576.13,576.13,23625982
2024-10-11,SPY,576.05,580.33,575.91,579.58,579.58,23430528
2024-10-14,SPY,581.22,585.27,580.73,584.32,584.32,21784699
2024-10-15,SPY,584.59,584.9,578.54,579.78,579.78,29749728
2024-10-16,SPY,579.78,582.83,578.96,582.3,582.3,18628687
2024-10-17,SPY,585.91,586.12,582.16,582.35,582.35,20391570
2024-10-18,SPY,584.07,585.39,582.58,584.59,584.59,16649484
2024-10-21,SPY,583.87,584.85,580.6,583.63,583.63,21311336
2024-10-22,SPY,581.05,584.5,580.38,583.32,583.32,18745357
2024-10-23,SPY,581.26,581.71,574.41,577.99,577.99,30897143
2024-10-24,SPY,579.98,580.06,576.57,579.24,579.24,21233287
2024-10-25,SPY,581.51,584.46,578.08,579.04,579.04,27749996
2024-10-28,SPY,582.54,582.71,580.52,580.83,580.83,18868559
2024-10-29,SPY,579.87,582.91,578.43,581.77,581.77,21198795
2024-10-30,SPY,581.29,583.32,579.29,580.01,580.01,23761816
2024-10-31,SPY,575.56,575.63,568.44,568.64,568.64,33592145
2024-11-01,SPY,571.32,575.55,570.62,571.04,571.04,27052673
2024-11-04,SPY,571.18,572.5,567.89,569.81,569.81,20924035
2024-11-05,SPY,570.73,576.71,570.52,576.7,576.7,22989205
2024-11-06,SPY,589.2,591.93,585.39,591.04,591.04,40851510
2024-11-07,SPY,593.08,596.65,592.99,595.61,595.61,27243859
2024-11-08,SPY,596.17,599.64,596.16,598.19,598.19,26635149
2024-11-11,SPY,599.82,600.17,597.0,598.76,598.76,20809364
2024-11-12,SPY,598.7,599.29,594.37,596.9,596.9,23299370
2024-11-13,SPY,597.32,599.23,594.96,597.19,597.19,26150285
2024-11-14,SPY,597.32,597.81,592.65,593.35,593.35,23499517
2024-11-15,SPY,589.73,590.2,583.86,585.75,585.75,32278193
2024-11-18,SPY,586.22,589.49,585.34,588.15,588.15,21099933
2024-11-19,SPY,584.71,591.05,584.03,590.3,590.3,24200343
2024-11-20,SPY,590.38,590.79,584.63,590.5,590.5,27459582
2024-11-21,SPY,593.4,595.12,587.45,593.67,593.67,28806852
2024-11-22,SPY,593.66,596.15,593.15,595.51,595.51,20616451
2024-11-25,SPY,599.52,600.86,595.2,597.53,597.53,25549495
2024-11-26,SPY,598.8,601.33,598.07,600.65,600.65,24035792
2024-11-27,SPY,600.47,600.85,597.28,598.83,598.83,20115740
2024-11-29,SPY,599.64,603.35,599.38,602.55,602.55,16404818
2024-12-02,SPY,602.97,604.32,602.47,603.63,603.63,18485931
2024-12-03,SPY,603.38,604.16,602.34,603.91,603.91,15929271
2024-12-04,SPY,605.6,607.91,604.95,607.66,607.66,21844890
2024-12-05,SPY,607.64,608.48,606.3,606.66,606.66,18294102
2024-12-06,SPY,607.44,609.07,607.02,607.81,607.81,16329293
2024-12-09,SPY,607.69,607.86,604.08,604.68,604.68,21089429
2024-12-10,SPY,605.37,605.8,602.13,602.8,602.8,19480045
2024-12-11,SPY,605.78,608.44,605.5,607.46,607.46,16566843
2024-12-12,SPY,606.58,607.16,604.33,604.33,604.33,17004620
2024-12-13,SPY,606.4,607.13,602.81,604.21,604.21,19533732
2024-12-16,SPY,606.0,607.78,605.21,606.79,606.79,21908130
2024-12-17,SPY,604.19,605.17,602.88,604.29,604.29,25120639
2024-12-18,SPY,603.98,606.41,585.89,586.28,586.28,53975111
2024-12-19,SPY,591.36,593.0,585.85,586.1,586.1,44065016
2024-12-20,SPY,581.77,595.75,580.91,591.15,591.15,60432849
2024-12-23,SPY,590.89,595.3,587.66,594.69,594.69,27152991
2024-12-24,SPY,596.05,601.34,595.47,601.3,601.3,16088836
2024-12-26,SPY,599.46,602.48,598.08,601.34,601.34,16264893
2024-12-27,SPY,597.47,597.78,590.76,595.01,595.01,35425733
2024-12-30,SPY,587.96,591.74,584.41,588.22,588.22,27154551
2024-12-31,SPY,589.9,590.64,584.42,586.08,586.08,33314970
2025-01-02,SPY,589.39,591.13,580.5,584.64,584.64,32955562
2025-01-03,SPY,587.53,592.6,586.43,591.95,591.95,25129628
2025-01-06,SPY,596.27,599.7,593.6,595.36,595.36,27109871
2025-01-07,SPY,597.43,597.75,586.78,588.63,588.63,32832553
2025-01-08,SPY,588.7,590.58,585.19,589.49,589.49,25352451
2025-01-10,SPY,585.88,585.96,578.55,580.49,580.49,42754739
2025-01-13,SPY,575.77,581.75,575.35,581.39,581.39,27867799
2025-01-14,SPY,584.32,585.0,578.35,582.19,582.19,29505342
2025-01-15,SPY,590.35,593.94,589.19,592.78,592.78,31262228
2025-01-16,SPY,594.18,594.35,590.93,591.64,591.64,20732921
2025-01-17,SPY,596.95,599.36,595.61,597.58,597.58,26394415
2025-01-21,SPY,600.67,603.05,598.67,603.05,603.05,22761221
2025-01-22,SPY,605.92,607.82,605.36,606.44,606.44,22574184
2025-01-23,SPY,605.8,609.75,605.52,609.75,609.75,21946613
2025-01-24,SPY,609.81,610.78,606.8,607.97,607.97,19028622
2025-01-27,SPY,594.83,599.69,594.64,599.37,599.37,37080052
2025-01-28,SPY,600.62,605.37,597.25,604.52,604.52,24853267
2025-01-29,SPY,603.71,604.13,599.22,601.81,601.81,21116841
2025-01-30,SPY,603.98,606.6,600.71,605.04,605.04,24777321
2025-01-31,SPY,607.5,609.96,601.05,601.82,601.82,38557975
2025-02-03,SPY,592.67,600.29,590.49,597.77,597.77,41524577
2025-02-04,SPY,597.8,602.3,597.28,601.78,601.78,20818069
2025-02-05,SPY,600.64,604.37,598.58,604.22,604.22,18097235
2025-02-06,SPY,605.98,606.46,602.63,606.32,606.32,19840411
2025-02-07,SPY,606.89,608.13,600.05,600.77,600.77,29693767
2025-02-10,SPY,603.99,605.5,602.74,604.85,604.85,15931563
2025-02-11,SPY,602.55,605.86,602.43,605.31,605.31,16664387
2025-02-12,SPY,599.23,604.55,598.51,603.36,603.36,22933607
2025-02-13,SPY,604.48,609.94,603.2,609.73,609.73,26871337
2025-02-14,SPY,609.94,610.99,609.07,609.7,609.7,15807651
2025-02-18,SPY,610.88,611.49,608.38,611.49,611.49,16759754
2025-02-19,SPY,610.08,613.23,609.56,612.93,612.93,16556431
2025-02-20,SPY,611.55,611.69,607.02,610.38,610.38,21250139
2025-02-21,SPY,610.17,610.3,599.47,599.94,599.94,36057913
2025-02-24,SPY,602.02,603.03,596.49,597.21,597.21,30016001
2025-02-25,SPY,597.16,597.89,589.56,594.24,594.24,34262429
2025-02-26,SPY,595.91,599.58,591.85,594.54,594.54,26729200
2025-02-27,SPY,596.85,598.02,584.65,585.05,585.05,41098228
2025-02-28,SPY,585.56,594.72,582.44,594.18,594.18,49251377
2025-03-03,SPY,596.18,597.34,579.9,583.77,583.77,48223984
2025-03-04,SPY,579.71,585.39,572.25,576.86,576.86,61613694
2025-03-05,SPY,576.71,584.88,573.07,583.06,583.06,45265395
2025-03-06,SPY,575.48,580.18,570.12,572.71,572.71,48654380
2025-03-07,SPY,570.9,577.39,565.63,575.92,575.92,52103309
2025-03-10,SPY,567.59,569.54,555.59,560.58,560.58,56901783
2025-03-11,SPY,559.4,564.02,552.02,555.92,555.92,55380151
2025-03-12,SPY,562.17,563.11,553.69,558.87,558.87,41863227
2025-03-13,SPY,558.49,559.11,549.68,551.42,551.42,40006931
2025-03-14,SPY,556.11,563.83,555.5,562.81,562.81,36438262
2025-03-17,SPY,562.77,569.71,562.35,567.15,567.15,30326946
2025-03-18,SPY,564.8,565.02,559.06,561.02,561.02,29594324
2025-03-19,SPY,562.83,570.95,561.63,567.13,567.13,35569051
2025-03-20,SPY,563.33,570.57,562.6,565.49,565.49,33232837
2025-03-21,SPY,559.29,564.89,558.03,563.98,563.98,35948175
2025-03-24,SPY,570.8,575.15,570.2,574.08,574.08,32905880
2025-03-25,SPY,575.3,576.41,573.69,575.46,575.46,23326657
2025-03-26,SPY,575.19,576.33,567.19,568.59,568.59,30755585
2025-03-27,SPY,567.2,570.9,564.94,567.08,567.08,29574500
2025-03-28,SPY,565.52,566.27,555.07,555.66,555.66,44183057
2025-03-31,SPY,549.82,560.72,546.87,559.39,559.39,50756979
2025-04-01,SPY,557.45,562.94,553.68,560.97,560.97,35011067
2025-04-02,SPY,555.05,567.42,554.81,564.52,564.52,35394053
2025-04-03,SPY,545.11,547.97,536.7,536.7,536.7,74101279
2025-04-04,SPY,523.73,525.87,505.06,505.28,505.28,128630868
2025-04-07,SPY,489.19,523.17,481.8,504.38,504.38,177363191
2025-04-08,SPY,521.87,524.98,489.16,496.48,496.48,115789440
2025-04-09,SPY,493.44,548.62,493.05,548.62,548.62,149699891
2025-04-10,SPY,532.24,533.5,509.32,524.58,524.58,108476842
2025-04-11,SPY,522.91,536.43,520.07,533.94,533.94,60037074
2025-04-14,SPY,544.02,544.28,533.86,539.12,539.12,47293032
2025-04-15,SPY,539.68,543.23,536.81,537.61,537.61,33902169
2025-04-16,SPY,531.68,535.11,520.29,525.66,525.66,48475938
2025-04-17,SPY,527.65,531.17,523.91,526.41,526.41,37646023
2025-04-21,SPY,521.16,521.7,508.46,513.88,513.88,45469975
2025-04-22,SPY,520.12,529.31,519.19,527.25,527.25,49649736
2025-04-23,SPY,540.43,545.43,533.88,535.42,535.42,58879041
2025-04-24,SPY,536.74,547.43,535.45,546.69,546.69,40026264
2025-04-25,SPY,546.65,551.05,543.69,550.64,550.64,35576540
2025-04-28,SPY,551.39,553.55,545.02,550.85,550.85,31613314
2025-04-29,SPY,548.91,555.45,548.55,554.32,554.32,29542642
2025-04-30,SPY,547.59,556.52,541.52,554.54,554.54,53235285
2025-05-01,SPY,560.37,564.07,557.86,558.47,558.47,37434620
2025-05-02,SPY,564.69,568.38,562.38,566.76,566.76,35759127
2025-05-05,SPY,562.55,566.65,561.7,563.51,563.51,26182069
2025-05-06,SPY,557.93,563.35,556.96,558.8,558.8,32198143
2025-05-07,SPY,560.15,563.82,556.04,561.15,561.15,34977164
2025-05-08,SPY,565.22,570.31,561.7,565.06,565.06,42995410
2025-05-09,SPY,566.48,567.5,562.76,564.34,564.34,23612426
2025-05-12,SPY,581.49,583.0,577.04,582.99,582.99,47256818
2025-05-13,SPY,583.46,589.08,582.84,586.84,586.84,40068413
2025-05-14,SPY,587.83,588.98,585.53,587.59,587.59,41691962
2025-05-15,SPY,585.56,590.97,585.09,590.46,590.46,45789629
2025-05-16,SPY,591.25,594.5,589.28,594.2,594.2,37450157
2025-05-19,SPY,588.1,595.54,588.09,594.85,594.85,41787527
2025-05-20,SPY,593.11,594.05,589.6,592.85,592.85,39355455
2025-05-21,SPY,588.47,592.58,581.82,582.86,582.86,62934210
2025-05-22,SPY,582.66,586.62,581.4,583.09,583.09,47837028
2025-05-23,SPY,575.98,581.82,575.6,579.11,579.11,45476396
2025-05-27,SPY,586.08,591.31,578.43,591.15,591.15,48494168
2025-05-28,SPY,591.57,592.77,586.98,587.73,587.73,42840885
2025-05-29,SPY,593.06,593.2,586.07,590.05,590.05,44604485
2025-05-30,SPY,588.91,591.13,583.23,589.39,589.39,56086131
2025-06-02,SPY,587.76,592.79,585.06,592.71,592.71,41014897
2025-06-03,SPY,592.34,597.08,591.85,596.09,596.09,43997843
2025-06-04,SPY,596.95,597.95,595.49,595.93,595.93,38685408
2025-06-05,SPY,597.63,599.0,591.05,593.05,593.05,62261473
2025-06-06,SPY,598.65,600.83,596.86,599.14,599.14,44491170
2025-06-09,SPY,599.74,601.25,598.49,599.68,599.68,36163043
2025-06-10,SPY,600.22,603.47,599.09,603.08,603.08,45294425
2025-06-11,SPY,604.19,605.06,599.27,601.36,601.36,49304437
2025-06-12,SPY,600.02,603.75,599.52,603.75,603.75,43177835
2025-06-13,SPY,598.5,601.85,595.48,597.0,597.0,60258054
2025-06-16,SPY,600.4,604.45,600.23,602.68,602.68,49821165
2025-06-17,SPY,600.22,601.75,596.76,597.53,597.53,52809585
2025-06-18,SPY,598.44,601.22,596.47,597.44,597.44,45026058
2025-06-20,SPY,598.38,599.46,592.86,594.28,594.28,48050544
2025-06-23,SPY,595.04,600.54,591.89,600.15,600.15,60253795
2025-06-24,SPY,604.33,607.85,603.41,606.78,606.78,43103099
2025-06-25,SPY,607.91,608.61,605.54,607.12,607.12,41660957
2025-06-26,SPY,609.01,612.31,608.37,611.87,611.87,42351132
2025-06-27,SPY,612.88,616.39,610.83,614.91,614.91,57012719
2025-06-30,SPY,617.36,619.22,615.04,617.85,617.85,56326202
2025-07-01,SPY,616.36,618.83,615.52,617.65,617.65,48877886
2025-07-02,SPY,617.24,620.49,616.61,620.45,620.45,40715018
2025-07-03,SPY,622.45,626.28,622.43,625.34,625.34,31052903
2025-07-07,SPY,623.35,624.03,617.87,620.68,620.68,51559599
2025-07-08,SPY,621.35,622.11,619.52,620.34,620.34,41495671
2025-07-09,SPY,622.77,624.72,620.91,624.06,624.06,46386601
2025-07-10,SPY,624.2,626.88,623.01,625.82,625.82,40229390
2025-07-11,SPY,622.74,624.86,621.53,623.62,623.62,43813846
2025-07-14,SPY,623.17,625.16,621.79,624.81,624.81,36244851
2025-07-15,SPY,627.51,627.86,622.07,622.14,622.14,52027258
2025-07-16,SPY,623.76,624.73,618.05,624.22,624.22,66205341
2025-07-17,SPY,624.43,628.41,624.18,628.04,628.04,44586652
2025-07-18,SPY,629.29,629.47,626.46,627.58,627.58,36024037
2025-07-21,SPY,628.76,631.54,628.34,628.77,628.77,41454194
2025-07-22,SPY,629.08,629.73,626.19,628.86,628.86,41676542
2025-07-23,SPY,631.55,634.21,629.73,634.21,634.21,42691755
2025-07-24,SPY,634.59,636.15,633.99,634.42,634.42,47072733
2025-07-25,SPY,635.06,637.58,634.84,637.1,637.1,35706718
2025-07-28,SPY,637.5,638.04,635.54,636.94,636.94,35287652
2025-07-29,SPY,638.36,638.67,634.33,635.26,635.26,40639537
2025-07-30,SPY,635.96,637.68,631.54,634.46,634.46,49395459
2025-07-31,SPY,639.47,639.85,630.76,632.08,632.08,69200085
2025-08-01,SPY,626.3,626.34,619.29,621.72,621.72,98857417
2025-08-04,SPY,625.67,631.22,625.61,631.17,631.17,49143236
2025-08-05,SPY,631.81,632.61,627.04,627.97,627.97,46435508
2025-08-06,SPY,629.05,633.44,628.13,632.78,632.78,41185983
2025-08-07,SPY,636.25,636.98,629.11,632.25,632.25,50791294
2025-08-08,SPY,634.07,637.65,633.74,637.18,637.18,40707793
2025-08-11,SPY,637.47,638.95,634.66,635.92,635.92,39980262
2025-08-12,SPY,638.28,642.85,636.79,642.69,642.69,43551933
2025-08-13,SPY,644.91,646.19,642.68,644.89,644.89,39325215
2025-08-14,SPY,642.78,645.62,642.34,644.95,644.95,37767868
2025-08-15,SPY,645.99,646.09,642.51,643.44,643.44,38134141
2025-08-18,SPY,642.86,644.0,642.18,643.3,643.3,28319371
2025-08-19,SPY,643.12,644.11,638.48,639.81,639.81,46407079
2025-08-20,SPY,639.4,639.66,632.95,638.11,638.11,57604445
2025-08-21,SPY,636.28,637.97,633.81,635.55,635.55,33637535
2025-08-22,SPY,637.76,646.5,637.25,645.31,645.31,60299858
2025-08-25,SPY,644.03,645.29,642.35,642.47,642.47,33101931
2025-08-26,SPY,642.2,645.51,641.57,645.16,645.16,31259713
2025-08-27,SPY,644.57,647.37,644.42,646.63,646.63,30583383
2025-08-28,SPY,647.27,649.48,645.34,648.92,648.92,38907606
2025-08-29,SPY,647.46,647.84,643.14,645.05,645.05,48235672
2025-09-02,SPY,637.5,640.49,634.92,640.27,640.27,50410303
2025-09-03,SPY,642.65,644.21,640.46,643.74,643.74,47275587
2025-09-04,SPY,644.43,649.15,643.51,649.12,649.12,41384895
2025-09-05,SPY,651.46,652.21,643.33,647.24,647.24,57299141
2025-09-08,SPY,648.62,649.84,647.23,648.83,648.83,40875169
2025-09-09,SPY,648.96,650.86,647.22,650.33,650.33,39500904
2025-09-10,SPY,653.63,654.55,650.63,652.21,652.21,49284205
2025-09-11,SPY,654.18,658.33,653.59,657.63,657.63,45479139
2025-09-12,SPY,657.59,659.11,656.9,657.41,657.41,47619613
2025-09-15,SPY,659.64,661.04,659.34,660.91,660.91,44804504
2025-09-16,SPY,661.46,661.78,659.21,660.0,660.0,40848310
2025-09-17,SPY,660.01,661.72,654.3,659.18,659.18,65244109
2025-09-18,SPY,661.89,664.89,660.27,662.26,662.26,57154824
2025-09-19,SPY,662.32,664.55,660.37,663.7,663.7,51010230
2025-09-22,SPY,662.2,667.29,662.17,666.84,666.84,47389906
2025-09-23,SPY,666.71,667.34,661.98,663.21,663.21,54396847
2025-09-24,SPY,664.5,664.61,659.67,661.1,661.1,46852795
2025-09-25,SPY,657.98,659.41,654.4,658.05,658.05,60125508
2025-09-26,SPY,659.51,662.37,657.88,661.82,661.82,44668645
2025-09-29,SPY,664.36,665.28,661.86,663.68,663.68,49251133
2025-09-30,SPY,662.92,666.65,661.61,666.18,666.18,53692564
2025-10-01,SPY,663.16,669.37,663.06,668.45,668.45,47270220
2025-10-02,SPY,670.47,670.57,666.78,669.22,669.22,38327705
2025-10-03,SPY,669.99,672.68,668.16,669.21,669.21,48627685
2025-10-06,SPY,671.63,672.51,669.45,671.61,671.61,37168694
2025-10-07,SPY,672.55,672.99,667.67,669.12,669.12,52362288
2025-10-08,SPY,670.26,673.21,669.42,673.11,673.11,41191443
2025-10-09,SPY,673.52,673.94,669.21,671.16,671.16,46510389
2025-10-10,SPY,672.14,673.95,652.84,653.02,653.02,108781231
2025-10-13,SPY,660.65,665.13,659.76,663.04,663.04,53226773
2025-10-14,SPY,657.18,665.83,653.17,662.23,662.23,58229654
2025-10-15,SPY,666.82,670.23,658.93,665.17,665.17,51716289
2025-10-16,SPY,666.82,668.71,657.11,660.64,660.64,69994291
2025-10-17,SPY,659.52,665.76,658.14,664.39,664.39,52537214
2025-10-20,SPY,667.3,672.21,667.27,671.3,671.3,35675591
2025-10-21,SPY,671.46,672.99,669.98,671.29,671.29,36535205
2025-10-22,SPY,671.98,672.01,663.3,667.8,667.8,54001597
2025-10-23,SPY,668.09,672.72,667.8,671.76,671.76,39416478
2025-10-24,SPY,676.46,678.47,675.65,677.25,677.25,39791552
2025-10-27,SPY,682.73,685.54,682.11,685.24,685.24,40740010
2025-10-28,SPY,687.07,688.91,684.83,687.06,687.06,38338700
2025-10-29,SPY,688.72,689.7,682.87,687.39,687.39,54174734
2025-10-30,SPY,683.9,685.94,679.83,679.83,679.83,45830933
2025-10-31,SPY,685.04,685.08,679.24,682.06,682.06,50658185
2025-11-03,SPY,685.66,685.8,679.94,683.34,683.34,40745310
2025-11-04,SPY,676.11,679.96,674.58,675.24,675.24,55056677
2025-11-05,SPY,674.98,680.86,674.17,677.58,677.58,50279981
2025-11-06,SPY,676.47,677.38,668.72,670.31,670.31,63995727
2025-11-07,SPY,667.91,671.08,661.2,670.97,670.97,77825379
2025-11-10,SPY,677.24,682.18,675.03,681.44,681.44,55985746
2025-11-11,SPY,679.94,683.57,678.73,683.0,683.0,41836057
2025-11-12,SPY,684.81,684.96,680.94,683.38,683.38,45339346
2025-11-13,SPY,680.51,680.86,670.52,672.04,672.04,72681503
2025-11-14,SPY,665.4,675.66,663.26,671.93,671.93,72013314
2025-11-17,SPY,669.7,673.71,662.17,665.67,665.67,68985857
2025-11-18,SPY,662.09,665.12,655.86,660.08,660.08,89196241
2025-11-19,SPY,660.78,667.34,658.74,662.63,662.63,70883022
2025-11-20,SPY,672.91,675.56,651.89,652.53,652.53,125931678
2025-11-21,SPY,655.03,664.55,650.85,659.03,659.03,85226739
2025-11-24,SPY,662.69,670.06,661.59,668.73,668.73,54377101
2025-11-25,SPY,668.63,676.21,664.48,675.02,675.02,61578110
2025-11-26,SPY,677.6,681.7,676.72,679.68,679.68,51409678
2025-11-28,SPY,680.85,683.67,680.5,683.39,683.39,29457765
2025-12-01,SPY,678.8,682.99,678.74,680.27,680.27,43413514
2025-12-02,SPY,681.92,683.82,679.32,681.53,681.53,46744365
2025-12-03,SPY,680.57,684.91,679.69,683.89,683.89,41469111
2025-12-04,SPY,685.3,685.37,681.34,684.39,684.39,44867945
2025-12-05,SPY,685.45,688.39,684.58,685.69,685.69,46497834
2025-12-08,SPY,686.6,686.64,681.57,683.63,683.63,40322324
2025-12-09,SPY,683.16,685.39,682.59,683.04,683.04,41731871
2025-12-10,SPY,682.56,688.97,681.31,687.57,687.57,65180166
2025-12-11,SPY,685.11,689.25,682.16,689.17,689.17,61971853
2025-12-12,SPY,688.17,688.88,679.17,681.76,681.76,78695213
2025-12-15,SPY,685.72,685.76,679.25,680.73,680.73,66626702
2025-12-16,SPY,679.22,681.08,674.98,678.87,678.87,72057082
2025-12-17,SPY,679.89,680.44,671.19,671.4,671.4,74936493
2025-12-18,SPY,677.6,680.74,674.9,676.47,676.47,83374722
2025-12-19,SPY,676.6,681.09,676.47,680.59,680.59,68125514
2025-12-22,SPY,683.93,685.36,682.68,684.83,684.83,47937101
2025-12-23,SPY,683.93,688.2,683.87,687.96,687.96,46033836
2025-12-24,SPY,687.95,690.83,687.8,690.38,690.38,25999569
2025-12-26,SPY,690.64,691.66,689.27,690.31,690.31,32576889
2025-12-29,SPY,687.55,689.2,686.07,687.85,687.85,44132415
2025-12-30,SPY,687.45,688.56,686.58,687.01,687.01,34365448
2025-12-31,SPY,687.13,687.36,681.71,681.92,681.92,51325618
2026-01-02,SPY,685.71,686.87,679.82,683.17,683.17,69823325
2026-01-05,SPY,686.54,689.43,686.37,687.72,687.72,54699915
2026-01-06,SPY,687.93,692.32,687.78,691.81,691.81,55143640
2026-01-07,SPY,692.2,693.96,689.32,689.58,689.58,60137909
2026-01-08,SPY,688.81,690.62,687.49,689.51,689.51,52088820
2026-01-09,SPY,690.65,695.31,689.18,694.07,694.07,58418134
2026-01-12,SPY,690.68,696.09,690.63,695.16,695.16,49779065
2026-01-13,SPY,695.52,696.09,691.35,693.77,693.77,61850017
2026-01-14,SPY,691.0,691.72,686.04,690.36,690.36,70566261
2026-01-15,SPY,694.57,695.45,691.25,692.24,692.24,60104274
2026-01-16,SPY,693.67,694.25,690.1,691.66,691.66,53992796
2026-01-20,SPY,681.49,684.77,676.57,677.58,677.58,81774019
2026-01-21,SPY,679.65,688.74,678.13,685.4,685.4,96207208
2026-01-22,SPY,689.85,691.13,686.92,688.98,688.98,55963617
2026-01-23,SPY,688.15,690.96,687.16,689.23,689.23,48307299
2026-01-26,SPY,690.47,694.13,689.92,692.73,692.73,44645827
2026-01-27,SPY,694.18,696.53,693.57,695.49,695.49,40181885
2026-01-28,SPY,697.06,697.84,693.94,695.42,695.42,46863286
2026-01-29,SPY,696.35,697.06,684.83,694.04,694.04,81117277
2026-01-30,SPY,691.78,694.21,687.12,691.97,691.97,65537956
2026-02-02,SPY,689.58,696.93,689.42,695.41,695.41,63439860
2026-02-03,SPY,696.21,696.96,684.03,689.53,689.53,83867939
2026-02-04,SPY,690.35,691.45,681.76,686.19,686.19,81882597
2026-02-05,SPY,680.94,683.69,675.79,677.62,677.62,83165540
2026-02-06,SPY,681.46,692.31,680.85,690.62,690.62,67759924
2026-02-09,SPY,689.42,695.87,688.34,693.95,693.95,54918247
2026-02-10,SPY,694.95,696.54,691.66,692.12,692.12,49554789
2026-02-11,SPY,696.43,697.14,689.18,691.96,691.96,61930559
2026-02-12,SPY,694.28,695.35,680.37,681.27,681.27,93735247
2026-02-13,SPY,681.68,686.28,677.52,681.75,681.75,70640325
2026-02-17,SPY,680.12,684.94,675.78,682.85,682.85,66371949
2026-02-18,SPY,684.01,689.15,682.83,686.29,686.29,57651171
2026-02-19,SPY,683.86,686.18,681.54,684.48,684.48,47509581
2026-02-20,SPY,682.32,690.06,681.73,689.43,689.43,68789233
2026-02-23,SPY,687.82,690.0,680.37,682.39,682.39,70943696
2026-02-24,SPY,681.9,688.35,680.0,687.35,687.35,55305092
2026-02-25,SPY,690.19,693.68,690.1,693.15,693.15,41143396
2026-02-26,SPY,693.28,693.32,684.35,689.3,689.3,58258896
2026-02-27,SPY,683.06,686.86,681.64,685.99,685.99,60856244
2026-03-02,SPY,678.7,688.62,678.02,686.38,686.38,66960247
2026-03-03,SPY,675.05,682.61,669.66,680.33,680.33,81442948
2026-03-04,SPY,681.63,687.09,679.62,685.13,685.13,56273441
2026-03-05,SPY,682.07,685.53,675.61,681.31,681.31,80119188
2026-03-06,SPY,673.39,676.11,669.76,672.38,672.38,74422674
2026-03-09,SPY,666.39,679.92,662.39,678.27,678.27,79435428
2026-03-10,SPY,677.71,683.36,674.76,677.18,677.18,63961483
2026-03-11,SPY,677.54,680.08,673.34,676.33,676.33,49484850
2026-03-12,SPY,671.13,671.65,665.9,666.06,666.06,79371056
2026-03-13,SPY,669.28,672.34,661.36,662.29,662.29,67245331
2026-03-16,SPY,668.34,672.07,667.12,669.03,669.03,58508078
2026-03-17,SPY,672.35,674.44,669.7,670.79,670.79,50622538
2026-03-18,SPY,668.33,669.72,661.19,661.43,661.43,59053920
2026-03-19,SPY,656.97,662.98,655.17,659.8,659.8,79503361
2026-03-20,SPY,656.51,656.69,644.72,648.57,648.57,92202373
2026-03-23,SPY,658.04,662.62,653.94,655.38,655.38,87856993
2026-03-24,SPY,651.34,657.03,649.88,653.18,653.18,66977403
2026-03-25,SPY,658.68,660.89,654.24,656.82,656.82,71070270
2026-03-26,SPY,652.05,654.85,644.82,645.09,645.09,68766506
2026-03-27,SPY,642.52,642.66,633.1,634.09,634.09,75617677
2026-03-30,SPY,640.12,640.37,629.28,631.97,631.97,73804400
2026-03-31,SPY,638.94,651.54,637.98,650.34,650.34,104672295
2026-04-01,SPY,653.88,658.52,653.0,655.24,655.24,72484644
2026-04-02,SPY,646.42,658.2,645.11,655.83,655.83,48156027
2026-04-06,SPY,655.86,659.72,655.52,658.93,658.93,28078176
2026-04-07,SPY,656.64,659.61,651.06,659.22,659.22,47906745
2026-04-08,SPY,676.39,677.08,671.46,676.01,676.01,67556235
2026-04-09,SPY,674.84,681.16,673.77,679.91,679.91,42289598
2026-04-10,SPY,681.3,682.03,678.45,679.46,679.46,30232748
2026-04-13,SPY,677.4,686.3,676.58,686.1,686.1,36496305
2026-04-14,SPY,687.69,694.58,687.66,694.46,694.46,43054446
2026-04-15,SPY,695.26,700.28,694.2,699.94,699.94,42557801
2026-04-16,SPY,701.06,702.78,698.53,701.66,701.66,34037944
2026-04-17,SPY,706.15,712.39,705.76,710.14,710.14,43086246
2026-04-20,SPY,708.79,709.91,706.14,708.72,708.72,27360812
2026-04-21,SPY,710.28,711.28,702.64,704.08,704.08,43468544
2026-04-22,SPY,709.18,711.45,708.22,711.21,711.21,28182308
2026-04-23,SPY,709.5,712.36,702.28,708.45,708.45,42930174
2026-04-24,SPY,710.75,714.47,709.01,713.94,713.94,29350658
2026-04-27,SPY,713.17,715.63,712.29,715.17,715.17,24069971
2026-04-28,SPY,711.82,712.88,709.25,711.69,711.69,26375554
2026-04-29,SPY,711.0,712.2,708.37,711.58,711.58,28880690
2026-04-30,SPY,714.63,719.79,710.44,718.66,718.66,38110252
2026-05-01,SPY,721.25,724.87,720.47,720.65,720.65,30373581
